entity,num_types,types
pints,2,"['FOOD' 'FOOD' 'FOOD' 'FOOD' 'FOOD' 'FOOD' 'FOOD' 'FOOD' 'FOOD' 'FOOD'
 'FOOD' 'FOOD' 'FOOD' 'FOOD' 'FOOD' 'FOOD' 'FOOD' 'FOOD' 'FOOD' 'UNIT'
 'FOOD' 'FOOD' 'FOOD' 'FOOD' 'FOOD' 'FOOD' 'FOOD' 'FOOD' 'FOOD' 'FOOD']"
chilled,2,"['FOOD' 'FOOD' 'FOOD' 'FOOD' 'FOOD' 'FOOD' 'FOOD' 'FOOD' 'FOOD' 'FOOD'
 'FOOD' 'FOOD' 'FOOD' 'FOOD' 'FOOD' 'FOOD' 'FOOD' 'FOOD' 'PROCESS' 'FOOD'
 'FOOD' 'FOOD' 'FOOD' 'FOOD' 'FOOD' 'FOOD' 'FOOD' 'FOOD' 'FOOD' 'FOOD'
 'FOOD' 'FOOD' 'FOOD' 'FOOD' 'FOOD' 'FOOD' 'FOOD' 'FOOD' 'FOOD' 'FOOD'
 'FOOD']"
liter,2,"['FOOD' 'FOOD' 'FOOD' 'FOOD' 'FOOD' 'FOOD' 'FOOD' 'FOOD' 'FOOD' 'FOOD'
 'FOOD' 'FOOD' 'FOOD' 'FOOD' 'FOOD' 'FOOD' 'FOOD' 'FOOD' 'FOOD' 'UNIT'
 'FOOD' 'FOOD' 'FOOD' 'FOOD' 'FOOD' 'FOOD' 'FOOD' 'FOOD' 'FOOD' 'FOOD'
 'FOOD' 'FOOD' 'FOOD' 'FOOD' 'FOOD' 'FOOD']"
skins,2,"['FOOD' 'FOOD' 'FOOD' 'FOOD' 'FOOD' 'FOOD' 'FOOD' 'FOOD' 'FOOD' 'FOOD'
 'FOOD' 'FOOD' 'FOOD' 'FOOD' 'FOOD' 'FOOD' 'FOOD' 'FOOD' 'FOOD' 'FOOD'
 'FOOD' 'FOOD' 'PART' 'FOOD' 'FOOD' 'FOOD' 'FOOD' 'FOOD' 'FOOD' 'FOOD'
 'FOOD' 'FOOD' 'FOOD' 'FOOD' 'FOOD' 'FOOD' 'FOOD' 'FOOD' 'FOOD' 'FOOD']"
dashes,2,"['FOOD' 'FOOD' 'FOOD' 'FOOD' 'FOOD' 'FOOD' 'FOOD' 'FOOD' 'FOOD' 'FOOD'
 'FOOD' 'FOOD' 'FOOD' 'FOOD' 'UNIT' 'FOOD' 'FOOD' 'FOOD' 'FOOD' 'FOOD'
 'FOOD' 'FOOD' 'FOOD' 'FOOD']"
cake icing,2,"['FOOD' 'FOOD' 'FOOD' 'PHYSICAL_QUALITY' 'FOOD' 'FOOD' 'FOOD' 'FOOD'
 'FOOD']"
good,2,"['FOOD' 'FOOD' 'FOOD' 'PHYSICAL_QUALITY' 'FOOD' 'FOOD' 'FOOD' 'FOOD'
 'FOOD' 'FOOD' 'FOOD' 'FOOD']"
roughly chopped,2,['FOOD' 'FOOD' 'FOOD' 'FOOD' 'FOOD' 'FOOD' 'PROCESS' 'FOOD' 'FOOD']
light brown,2,"['FOOD' 'FOOD' 'FOOD' 'FOOD' 'FOOD' 'FOOD' 'FOOD' 'FOOD' 'FOOD' 'FOOD'
 'FOOD' 'COLOR' 'FOOD' 'FOOD' 'FOOD']"
package,2,['UNIT' 'FOOD']
hot,2,"['FOOD' 'FOOD' 'FOOD' 'FOOD' 'FOOD' 'FOOD' 'FOOD' 'FOOD' 'FOOD' 'FOOD'
 'FOOD' 'FOOD' 'FOOD' 'FOOD' 'FOOD' 'FOOD' 'FOOD' 'FOOD' 'FOOD' 'FOOD'
 'PHYSICAL_QUALITY' 'FOOD' 'FOOD' 'FOOD' 'FOOD' 'FOOD' 'FOOD' 'FOOD'
 'FOOD' 'FOOD' 'FOOD' 'FOOD' 'FOOD' 'FOOD' 'FOOD' 'FOOD' 'FOOD' 'FOOD'
 'FOOD' 'FOOD' 'FOOD' 'FOOD']"
cracked,2,"['FOOD' 'FOOD' 'FOOD' 'FOOD' 'FOOD' 'FOOD' 'FOOD' 'FOOD' 'FOOD' 'FOOD'
 'FOOD' 'PROCESS' 'FOOD' 'FOOD' 'FOOD' 'FOOD' 'FOOD' 'FOOD' 'FOOD' 'FOOD'
 'FOOD' 'FOOD' 'FOOD' 'FOOD' 'FOOD' 'FOOD']"
bruised,2,"['FOOD' 'FOOD' 'FOOD' 'FOOD' 'FOOD' 'FOOD' 'FOOD' 'PROCESS' 'FOOD' 'FOOD'
 'FOOD' 'FOOD' 'FOOD' 'FOOD']"
ears,2,"['FOOD' 'FOOD' 'FOOD' 'FOOD' 'FOOD' 'FOOD' 'FOOD' 'FOOD' 'FOOD' 'FOOD'
 'FOOD' 'UNIT' 'FOOD' 'FOOD' 'FOOD' 'FOOD' 'FOOD' 'FOOD' 'FOOD' 'FOOD'
 'FOOD']"
popped,2,"['FOOD' 'FOOD' 'FOOD' 'FOOD' 'FOOD' 'FOOD' 'PROCESS' 'FOOD' 'FOOD' 'FOOD'
 'FOOD' 'FOOD' 'FOOD' 'FOOD' 'FOOD']"
strands,2,"['FOOD' 'FOOD' 'FOOD' 'FOOD' 'FOOD' 'FOOD' 'FOOD' 'UNIT' 'FOOD' 'FOOD'
 'FOOD' 'FOOD' 'FOOD']"
extra virgin,2,['FOOD' 'PHYSICAL_QUALITY' 'FOOD' 'FOOD']
full-fat,2,"['FOOD' 'FOOD' 'FOOD' 'FOOD' 'FOOD' 'FOOD' 'FOOD' 'FOOD' 'FOOD' 'FOOD'
 'FOOD' 'FOOD' 'FOOD' 'PHYSICAL_QUALITY' 'FOOD' 'FOOD' 'FOOD' 'FOOD'
 'FOOD' 'FOOD' 'FOOD' 'FOOD' 'FOOD' 'FOOD' 'FOOD']"
julienned,2,['PROCESS' 'FOOD']
sprays,2,['FOOD' 'FOOD' 'UNIT' 'FOOD']
strong,2,['FOOD' 'TASTE' 'FOOD' 'FOOD']
drumsticks,2,"['FOOD' 'FOOD' 'FOOD' 'FOOD' 'FOOD' 'FOOD' 'FOOD' 'FOOD' 'FOOD' 'FOOD'
 'FOOD' 'FOOD' 'PART' 'FOOD' 'FOOD' 'FOOD' 'FOOD' 'FOOD' 'FOOD' 'FOOD'
 'FOOD' 'FOOD' 'FOOD' 'FOOD' 'FOOD']"
bean,2,"['FOOD' 'FOOD' 'FOOD' 'FOOD' 'FOOD' 'FOOD' 'FOOD' 'FOOD' 'FOOD' 'FOOD'
 'FOOD' 'FOOD' 'FOOD' 'FOOD' 'FOOD' 'FOOD' 'FOOD' 'FOOD' 'FOOD' 'FOOD'
 'FOOD' 'FOOD' 'FOOD' 'FOOD' 'FOOD' 'FOOD' 'FOOD' 'FOOD' 'FOOD' 'UNIT'
 'FOOD' 'FOOD' 'FOOD' 'FOOD' 'FOOD' 'FOOD' 'FOOD' 'FOOD' 'FOOD' 'FOOD'
 'FOOD' 'FOOD' 'FOOD' 'FOOD' 'FOOD' 'FOOD' 'FOOD' 'FOOD' 'FOOD' 'FOOD'
 'FOOD' 'FOOD' 'FOOD' 'FOOD' 'FOOD' 'FOOD' 'FOOD' 'FOOD']"
handful,2,"['FOOD' 'FOOD' 'FOOD' 'FOOD' 'FOOD' 'FOOD' 'FOOD' 'FOOD' 'FOOD' 'FOOD'
 'FOOD' 'FOOD' 'FOOD' 'FOOD' 'FOOD' 'FOOD' 'FOOD' 'FOOD' 'FOOD' 'FOOD'
 'UNIT' 'FOOD' 'FOOD' 'FOOD' 'FOOD' 'FOOD' 'FOOD' 'FOOD' 'FOOD' 'FOOD'
 'FOOD' 'FOOD' 'FOOD' 'FOOD' 'FOOD' 'FOOD' 'FOOD' 'FOOD' 'FOOD' 'FOOD']"
baby,2,"['FOOD' 'FOOD' 'FOOD' 'FOOD' 'FOOD' 'FOOD' 'FOOD' 'FOOD' 'FOOD' 'FOOD'
 'FOOD' 'FOOD' 'FOOD' 'FOOD' 'FOOD' 'FOOD' 'FOOD' 'FOOD' 'FOOD' 'FOOD'
 'FOOD' 'FOOD' 'FOOD' 'FOOD' 'FOOD' 'FOOD' 'FOOD' 'FOOD' 'FOOD'
 'PHYSICAL_QUALITY' 'FOOD' 'FOOD' 'FOOD' 'FOOD' 'FOOD' 'FOOD' 'FOOD'
 'FOOD' 'FOOD' 'FOOD' 'FOOD' 'FOOD' 'FOOD' 'FOOD' 'FOOD' 'FOOD' 'FOOD'
 'FOOD' 'FOOD' 'FOOD' 'FOOD' 'FOOD' 'FOOD']"
cooled,2,"['FOOD' 'FOOD' 'FOOD' 'FOOD' 'FOOD' 'FOOD' 'FOOD' 'FOOD' 'FOOD' 'FOOD'
 'FOOD' 'FOOD' 'FOOD' 'FOOD' 'FOOD' 'FOOD' 'FOOD' 'FOOD' 'FOOD' 'PROCESS'
 'FOOD' 'FOOD' 'FOOD' 'FOOD' 'FOOD' 'FOOD' 'FOOD' 'FOOD' 'FOOD' 'FOOD'
 'FOOD' 'FOOD' 'FOOD' 'FOOD' 'FOOD' 'FOOD']"
elbow,2,"['FOOD' 'FOOD' 'FOOD' 'FOOD' 'FOOD' 'FOOD' 'FOOD' 'FOOD' 'FOOD' 'FOOD'
 'FOOD' 'PHYSICAL_QUALITY' 'FOOD' 'FOOD' 'FOOD' 'FOOD' 'FOOD' 'FOOD'
 'FOOD' 'FOOD' 'FOOD' 'FOOD']"
minced,2,['PROCESS' 'FOOD']
smashed,2,"['FOOD' 'FOOD' 'FOOD' 'FOOD' 'FOOD' 'FOOD' 'FOOD' 'FOOD' 'FOOD' 'PROCESS'
 'FOOD' 'FOOD' 'FOOD' 'FOOD' 'FOOD' 'FOOD' 'FOOD']"
spears,2,"['FOOD' 'FOOD' 'FOOD' 'FOOD' 'FOOD' 'FOOD' 'FOOD' 'FOOD' 'FOOD' 'UNIT'
 'FOOD' 'FOOD' 'FOOD' 'FOOD' 'FOOD' 'FOOD' 'FOOD' 'FOOD' 'FOOD' 'FOOD'
 'FOOD' 'FOOD' 'FOOD']"
packet,2,"['FOOD' 'FOOD' 'FOOD' 'FOOD' 'FOOD' 'FOOD' 'FOOD' 'FOOD' 'FOOD' 'FOOD'
 'FOOD' 'FOOD' 'FOOD' 'FOOD' 'FOOD' 'FOOD' 'FOOD' 'FOOD' 'FOOD' 'FOOD'
 'FOOD' 'FOOD' 'FOOD' 'FOOD' 'FOOD' 'UNIT' 'FOOD' 'FOOD' 'FOOD' 'FOOD'
 'FOOD' 'FOOD' 'FOOD' 'FOOD' 'FOOD' 'FOOD' 'FOOD' 'FOOD' 'FOOD' 'FOOD'
 'FOOD' 'FOOD' 'FOOD' 'FOOD' 'FOOD' 'FOOD' 'FOOD' 'FOOD' 'FOOD']"
medium,2,"['FOOD' 'FOOD' 'FOOD' 'FOOD' 'FOOD' 'FOOD' 'FOOD' 'FOOD'
 'PHYSICAL_QUALITY' 'FOOD' 'FOOD' 'FOOD' 'FOOD' 'FOOD' 'FOOD' 'FOOD'
 'FOOD' 'FOOD' 'FOOD' 'FOOD' 'FOOD' 'FOOD' 'FOOD' 'FOOD']"
unbleached,2,"['FOOD' 'FOOD' 'FOOD' 'FOOD' 'FOOD' 'FOOD' 'FOOD' 'FOOD' 'FOOD' 'FOOD'
 'FOOD' 'FOOD' 'FOOD' 'FOOD' 'FOOD' 'FOOD' 'FOOD' 'FOOD' 'FOOD'
 'PHYSICAL_QUALITY' 'FOOD' 'FOOD' 'FOOD' 'FOOD' 'FOOD' 'FOOD' 'FOOD'
 'FOOD' 'FOOD' 'FOOD' 'FOOD']"
fettuccine,2,"['FOOD' 'FOOD' 'FOOD' 'FOOD' 'FOOD' 'FOOD' 'FOOD' 'FOOD' 'FOOD' 'FOOD'
 'FOOD' 'FOOD' 'FOOD' 'FOOD' 'FOOD' 'FOOD' 'FOOD' 'FOOD' 'FOOD' 'FOOD'
 'FOOD' 'FOOD' 'FOOD' 'FOOD' 'FOOD' 'FOOD' 'FOOD' 'FOOD' 'FOOD' 'FOOD'
 'PHYSICAL_QUALITY' 'FOOD' 'FOOD' 'FOOD' 'FOOD' 'FOOD' 'FOOD' 'FOOD'
 'FOOD' 'FOOD' 'FOOD' 'FOOD' 'FOOD' 'FOOD' 'FOOD' 'FOOD' 'FOOD' 'FOOD'
 'FOOD' 'FOOD' 'FOOD' 'FOOD' 'FOOD' 'FOOD' 'FOOD' 'FOOD' 'FOOD' 'FOOD']"
trimmed,2,['FOOD' 'FOOD' 'FOOD' 'PROCESS']
very hot,2,['FOOD' 'PHYSICAL_QUALITY' 'FOOD']
green,2,"['FOOD' 'FOOD' 'FOOD' 'FOOD' 'FOOD' 'FOOD' 'FOOD' 'FOOD' 'FOOD' 'FOOD'
 'FOOD' 'FOOD' 'FOOD' 'FOOD' 'FOOD' 'FOOD' 'FOOD' 'FOOD' 'FOOD' 'FOOD'
 'FOOD' 'FOOD' 'FOOD' 'FOOD' 'FOOD' 'FOOD' 'FOOD' 'FOOD' 'FOOD' 'COLOR'
 'FOOD' 'FOOD' 'FOOD' 'FOOD' 'FOOD' 'FOOD' 'FOOD' 'FOOD' 'FOOD' 'FOOD'
 'FOOD' 'FOOD' 'FOOD' 'FOOD' 'FOOD' 'FOOD' 'FOOD' 'FOOD' 'FOOD' 'FOOD'
 'FOOD' 'FOOD' 'FOOD' 'FOOD' 'FOOD' 'FOOD' 'FOOD' 'FOOD']"
drained,2,['FOOD' 'FOOD' 'PROCESS' 'FOOD']
cups,2,"['FOOD' 'FOOD' 'FOOD' 'FOOD' 'FOOD' 'FOOD' 'FOOD' 'FOOD' 'UNIT' 'FOOD'
 'FOOD' 'FOOD' 'FOOD' 'FOOD' 'FOOD' 'FOOD' 'FOOD' 'FOOD']"
seeded,2,['PROCESS' 'FOOD']
creamed,2,"['FOOD' 'FOOD' 'FOOD' 'FOOD' 'FOOD' 'FOOD' 'FOOD' 'FOOD' 'FOOD'
 'PHYSICAL_QUALITY' 'FOOD' 'FOOD' 'FOOD' 'FOOD' 'FOOD' 'FOOD' 'FOOD'
 'FOOD' 'FOOD' 'FOOD' 'FOOD' 'FOOD']"
rashers,2,"['FOOD' 'FOOD' 'FOOD' 'FOOD' 'FOOD' 'FOOD' 'FOOD' 'FOOD' 'FOOD' 'FOOD'
 'FOOD' 'FOOD' 'FOOD' 'UNIT' 'FOOD' 'FOOD' 'FOOD' 'FOOD' 'FOOD' 'FOOD'
 'FOOD' 'FOOD']"
reserved,2,"['FOOD' 'FOOD' 'FOOD' 'FOOD' 'FOOD' 'FOOD' 'FOOD' 'FOOD' 'FOOD' 'FOOD'
 'FOOD' 'FOOD' 'FOOD' 'FOOD' 'PHYSICAL_QUALITY' 'FOOD' 'FOOD' 'FOOD'
 'FOOD' 'FOOD' 'FOOD' 'FOOD' 'FOOD' 'FOOD' 'FOOD' 'FOOD']"
boneless,2,"['FOOD' 'FOOD' 'FOOD' 'FOOD' 'FOOD' 'FOOD' 'FOOD' 'FOOD' 'FOOD' 'FOOD'
 'FOOD' 'PHYSICAL_QUALITY' 'FOOD' 'FOOD' 'FOOD' 'FOOD' 'FOOD' 'FOOD'
 'FOOD' 'FOOD']"
sheets,2,"['FOOD' 'FOOD' 'FOOD' 'FOOD' 'FOOD' 'FOOD' 'FOOD' 'FOOD' 'FOOD' 'FOOD'
 'FOOD' 'FOOD' 'FOOD' 'FOOD' 'FOOD' 'FOOD' 'FOOD' 'FOOD' 'FOOD' 'FOOD'
 'FOOD' 'FOOD' 'FOOD' 'UNIT' 'FOOD' 'FOOD' 'FOOD' 'FOOD' 'FOOD' 'FOOD'
 'FOOD' 'FOOD' 'FOOD' 'FOOD' 'FOOD' 'FOOD' 'FOOD' 'FOOD' 'FOOD' 'FOOD'
 'FOOD' 'FOOD' 'FOOD' 'FOOD']"
beaten,2,['FOOD' 'FOOD' 'FOOD' 'FOOD' 'PROCESS' 'FOOD' 'FOOD' 'FOOD' 'FOOD' 'FOOD']
smoked,2,"['FOOD' 'FOOD' 'FOOD' 'FOOD' 'FOOD' 'FOOD' 'FOOD' 'FOOD'
 'PHYSICAL_QUALITY' 'FOOD' 'FOOD' 'FOOD' 'FOOD' 'FOOD' 'FOOD' 'FOOD'
 'FOOD' 'FOOD' 'FOOD']"
bone-in,2,['FOOD' 'FOOD' 'PHYSICAL_QUALITY']
spicy,2,['FOOD' 'TASTE' 'FOOD']
thick slice,2,['PHYSICAL_QUALITY' 'FOOD']
crunchy,2,"['FOOD' 'FOOD' 'FOOD' 'FOOD' 'FOOD' 'FOOD' 'FOOD' 'FOOD' 'FOOD'
 'PHYSICAL_QUALITY' 'FOOD' 'FOOD' 'FOOD' 'FOOD' 'FOOD' 'FOOD' 'FOOD'
 'FOOD' 'FOOD' 'FOOD' 'FOOD' 'FOOD']"
flaked,2,['FOOD' 'FOOD' 'FOOD' 'FOOD' 'FOOD' 'PROCESS']
low-fat,2,"['FOOD' 'FOOD' 'FOOD' 'FOOD' 'FOOD' 'FOOD' 'FOOD' 'FOOD' 'FOOD' 'FOOD'
 'FOOD' 'FOOD' 'FOOD' 'FOOD' 'FOOD' 'FOOD' 'FOOD' 'FOOD' 'FOOD' 'FOOD'
 'FOOD' 'FOOD' 'FOOD' 'FOOD' 'FOOD' 'FOOD' 'FOOD' 'PHYSICAL_QUALITY'
 'FOOD' 'FOOD' 'FOOD' 'FOOD' 'FOOD' 'FOOD' 'FOOD' 'FOOD' 'FOOD' 'FOOD'
 'FOOD' 'FOOD' 'FOOD' 'FOOD' 'FOOD' 'FOOD' 'FOOD' 'FOOD' 'FOOD' 'FOOD'
 'FOOD' 'FOOD' 'FOOD']"
large,2,"['FOOD' 'FOOD' 'FOOD' 'FOOD' 'FOOD' 'FOOD' 'FOOD' 'FOOD' 'FOOD' 'FOOD'
 'FOOD' 'FOOD' 'PHYSICAL_QUALITY' 'FOOD' 'FOOD' 'FOOD' 'FOOD' 'FOOD'
 'FOOD' 'FOOD' 'FOOD' 'FOOD' 'FOOD' 'FOOD']"
piece,2,['UNIT' 'FOOD' 'FOOD']
purple,2,"['FOOD' 'FOOD' 'FOOD' 'FOOD' 'FOOD' 'FOOD' 'FOOD' 'FOOD' 'FOOD' 'FOOD'
 'FOOD' 'FOOD' 'FOOD' 'FOOD' 'FOOD' 'FOOD' 'FOOD' 'COLOR' 'FOOD' 'FOOD'
 'FOOD' 'FOOD' 'FOOD' 'FOOD' 'FOOD' 'FOOD' 'FOOD' 'FOOD' 'FOOD' 'FOOD']"
more,2,['FOOD' 'QUANTITY']
split,2,"['FOOD' 'FOOD' 'FOOD' 'FOOD' 'FOOD' 'FOOD' 'FOOD' 'PROCESS' 'FOOD' 'FOOD'
 'FOOD' 'FOOD' 'FOOD' 'FOOD' 'FOOD' 'FOOD' 'FOOD' 'FOOD' 'FOOD' 'FOOD'
 'FOOD' 'FOOD']"
freshly,2,"['FOOD' 'FOOD' 'FOOD' 'FOOD' 'FOOD' 'FOOD' 'FOOD' 'FOOD' 'FOOD' 'FOOD'
 'FOOD' 'FOOD' 'FOOD' 'FOOD' 'FOOD' 'FOOD' 'FOOD' 'FOOD' 'FOOD' 'PROCESS'
 'FOOD' 'FOOD' 'FOOD' 'FOOD' 'FOOD' 'FOOD' 'FOOD' 'FOOD' 'FOOD' 'FOOD'
 'FOOD' 'FOOD' 'FOOD' 'FOOD' 'FOOD' 'FOOD' 'FOOD' 'FOOD' 'FOOD' 'FOOD'
 'FOOD' 'FOOD']"
snipped,2,['PROCESS' 'FOOD' 'FOOD' 'FOOD']
crispy fried,2,['PROCESS' 'FOOD' 'FOOD']
wings,2,"['FOOD' 'FOOD' 'FOOD' 'FOOD' 'FOOD' 'FOOD' 'FOOD' 'FOOD' 'FOOD' 'FOOD'
 'FOOD' 'FOOD' 'FOOD' 'FOOD' 'FOOD' 'FOOD' 'FOOD' 'FOOD' 'FOOD' 'FOOD'
 'FOOD' 'FOOD' 'FOOD' 'FOOD' 'FOOD' 'FOOD' 'PART' 'FOOD' 'FOOD' 'FOOD'
 'FOOD' 'FOOD' 'FOOD' 'FOOD' 'FOOD' 'FOOD' 'FOOD' 'FOOD' 'FOOD' 'FOOD'
 'FOOD' 'FOOD' 'FOOD' 'FOOD' 'FOOD' 'FOOD' 'FOOD' 'FOOD' 'FOOD' 'FOOD']"
short grain,2,['FOOD' 'FOOD' 'FOOD' 'FOOD' 'PHYSICAL_QUALITY' 'FOOD']
natural,2,"['FOOD' 'FOOD' 'FOOD' 'FOOD' 'FOOD' 'FOOD' 'FOOD' 'FOOD' 'FOOD' 'FOOD'
 'FOOD' 'FOOD' 'FOOD' 'FOOD' 'FOOD' 'FOOD' 'FOOD' 'FOOD' 'FOOD'
 'PHYSICAL_QUALITY' 'FOOD' 'FOOD' 'FOOD' 'FOOD' 'FOOD' 'FOOD' 'FOOD'
 'FOOD' 'FOOD' 'FOOD' 'FOOD' 'FOOD' 'FOOD' 'FOOD']"
',2,['UNIT' 'FOOD' 'FOOD' 'FOOD' 'FOOD' 'FOOD']
salted peanuts,2,['TASTE' 'FOOD']
wash,2,"['FOOD' 'FOOD' 'FOOD' 'FOOD' 'FOOD' 'FOOD' 'FOOD' 'FOOD' 'FOOD' 'FOOD'
 'FOOD' 'FOOD' 'FOOD' 'FOOD' 'PROCESS' 'FOOD' 'FOOD' 'FOOD' 'FOOD' 'FOOD'
 'FOOD' 'FOOD']"
creamy,2,"['FOOD' 'FOOD' 'FOOD' 'FOOD' 'FOOD' 'FOOD' 'FOOD' 'FOOD'
 'PHYSICAL_QUALITY' 'FOOD' 'FOOD' 'FOOD' 'FOOD' 'FOOD' 'FOOD' 'FOOD'
 'FOOD' 'FOOD']"
juice reserved,2,['FOOD' 'FOOD' 'PHYSICAL_QUALITY' 'FOOD' 'FOOD' 'FOOD' 'FOOD']
cup,2,['UNIT' 'FOOD' 'FOOD']
dark,2,"['FOOD' 'FOOD' 'FOOD' 'FOOD' 'FOOD' 'FOOD' 'FOOD' 'FOOD' 'FOOD' 'FOOD'
 'COLOR' 'FOOD' 'FOOD' 'FOOD' 'FOOD' 'FOOD' 'FOOD' 'FOOD' 'FOOD' 'FOOD'
 'FOOD' 'FOOD' 'FOOD']"
steamed,2,"['FOOD' 'FOOD' 'FOOD' 'FOOD' 'FOOD' 'FOOD' 'FOOD' 'FOOD' 'FOOD' 'PROCESS'
 'FOOD' 'FOOD' 'FOOD' 'FOOD' 'FOOD']"
unbaked,2,"['FOOD' 'FOOD' 'FOOD' 'FOOD' 'FOOD' 'FOOD' 'FOOD' 'FOOD' 'FOOD'
 'PHYSICAL_QUALITY' 'FOOD' 'FOOD' 'FOOD' 'FOOD' 'FOOD' 'FOOD' 'FOOD'
 'FOOD' 'FOOD' 'FOOD' 'FOOD' 'FOOD' 'FOOD']"
shaved,2,"['FOOD' 'FOOD' 'FOOD' 'FOOD' 'FOOD' 'FOOD' 'FOOD' 'FOOD' 'PROCESS' 'FOOD'
 'FOOD' 'FOOD' 'FOOD']"
container,2,"['FOOD' 'FOOD' 'FOOD' 'FOOD' 'FOOD' 'FOOD' 'FOOD' 'FOOD' 'FOOD' 'FOOD'
 'FOOD' 'FOOD' 'FOOD' 'FOOD' 'FOOD' 'FOOD' 'FOOD' 'FOOD' 'UNIT' 'FOOD'
 'FOOD' 'FOOD' 'FOOD' 'FOOD' 'FOOD' 'FOOD' 'FOOD' 'FOOD' 'FOOD' 'FOOD'
 'FOOD' 'FOOD' 'FOOD' 'FOOD']"
brisket,2,"['FOOD' 'FOOD' 'FOOD' 'FOOD' 'FOOD' 'FOOD' 'FOOD' 'FOOD' 'FOOD' 'FOOD'
 'FOOD' 'FOOD' 'FOOD' 'FOOD' 'FOOD' 'FOOD' 'FOOD' 'FOOD' 'FOOD' 'FOOD'
 'FOOD' 'FOOD' 'FOOD' 'FOOD' 'PART' 'FOOD' 'FOOD' 'FOOD' 'FOOD' 'FOOD'
 'FOOD' 'FOOD' 'FOOD' 'FOOD' 'FOOD' 'FOOD' 'FOOD' 'FOOD' 'FOOD' 'FOOD'
 'FOOD' 'FOOD' 'FOOD' 'FOOD' 'FOOD' 'FOOD' 'FOOD' 'FOOD' 'FOOD' 'FOOD'
 'FOOD']"
mashed,2,"['FOOD' 'FOOD' 'FOOD' 'FOOD' 'FOOD' 'FOOD' 'FOOD' 'FOOD' 'FOOD' 'FOOD'
 'FOOD' 'FOOD' 'FOOD' 'FOOD' 'FOOD' 'FOOD' 'FOOD' 'FOOD' 'FOOD' 'FOOD'
 'FOOD' 'PROCESS' 'FOOD' 'FOOD' 'FOOD' 'FOOD' 'FOOD' 'FOOD' 'FOOD' 'FOOD'
 'FOOD' 'FOOD' 'FOOD' 'FOOD' 'FOOD' 'FOOD' 'FOOD' 'FOOD' 'FOOD' 'FOOD'
 'FOOD' 'FOOD' 'FOOD' 'FOOD']"
ripe,2,"['FOOD' 'FOOD' 'FOOD' 'FOOD' 'FOOD' 'FOOD' 'FOOD' 'FOOD' 'FOOD' 'FOOD'
 'FOOD' 'FOOD' 'FOOD' 'FOOD' 'FOOD' 'FOOD' 'FOOD' 'FOOD' 'FOOD'
 'PHYSICAL_QUALITY' 'FOOD' 'FOOD' 'FOOD' 'FOOD' 'FOOD' 'FOOD' 'FOOD'
 'FOOD' 'FOOD' 'FOOD' 'FOOD' 'FOOD' 'FOOD' 'FOOD' 'FOOD' 'FOOD' 'FOOD'
 'FOOD']"
freshly ground,2,"['FOOD' 'FOOD' 'FOOD' 'FOOD' 'FOOD' 'FOOD' 'FOOD' 'FOOD' 'FOOD' 'FOOD'
 'FOOD' 'FOOD' 'FOOD' 'FOOD' 'FOOD' 'FOOD' 'PROCESS' 'FOOD' 'FOOD' 'FOOD'
 'FOOD' 'FOOD' 'FOOD' 'FOOD' 'FOOD']"
strips,2,"['FOOD' 'FOOD' 'FOOD' 'FOOD' 'FOOD' 'FOOD' 'FOOD' 'FOOD' 'FOOD' 'FOOD'
 'FOOD' 'FOOD' 'FOOD' 'FOOD' 'UNIT' 'FOOD' 'FOOD' 'FOOD' 'FOOD' 'FOOD'
 'FOOD' 'FOOD' 'FOOD' 'FOOD' 'FOOD' 'FOOD' 'FOOD' 'FOOD' 'FOOD' 'FOOD'
 'FOOD' 'FOOD']"
cutlets,2,"['FOOD' 'FOOD' 'FOOD' 'FOOD' 'FOOD' 'FOOD' 'FOOD' 'FOOD' 'FOOD' 'FOOD'
 'FOOD' 'FOOD' 'FOOD' 'FOOD' 'FOOD' 'FOOD' 'FOOD' 'FOOD' 'FOOD' 'FOOD'
 'FOOD' 'FOOD' 'FOOD' 'FOOD' 'FOOD' 'FOOD' 'PART' 'FOOD' 'FOOD' 'FOOD'
 'FOOD' 'FOOD' 'FOOD' 'FOOD' 'FOOD' 'FOOD' 'FOOD' 'FOOD' 'FOOD' 'FOOD'
 'FOOD' 'FOOD' 'FOOD' 'FOOD' 'FOOD' 'FOOD' 'FOOD' 'FOOD' 'FOOD' 'FOOD'
 'FOOD' 'FOOD' 'FOOD']"
fully cooked,2,"['FOOD' 'FOOD' 'FOOD' 'FOOD' 'FOOD' 'FOOD' 'FOOD' 'FOOD' 'FOOD' 'FOOD'
 'PROCESS' 'FOOD' 'FOOD' 'FOOD' 'FOOD' 'FOOD' 'FOOD' 'FOOD']"
fresh,2,"['FOOD' 'FOOD' 'FOOD' 'FOOD' 'FOOD' 'FOOD' 'FOOD' 'FOOD' 'FOOD' 'FOOD'
 'FOOD' 'FOOD' 'FOOD' 'FOOD' 'FOOD' 'FOOD' 'FOOD' 'FOOD' 'FOOD' 'FOOD'
 'FOOD' 'FOOD' 'FOOD' 'FOOD' 'FOOD' 'FOOD' 'FOOD' 'FOOD' 'FOOD' 'FOOD'
 'PHYSICAL_QUALITY' 'FOOD' 'FOOD' 'FOOD' 'FOOD' 'FOOD' 'FOOD' 'FOOD'
 'FOOD' 'FOOD' 'FOOD' 'FOOD' 'FOOD' 'FOOD' 'FOOD' 'FOOD' 'FOOD' 'FOOD'
 'FOOD' 'FOOD' 'FOOD' 'FOOD' 'FOOD' 'FOOD' 'FOOD' 'FOOD' 'FOOD' 'FOOD']"
breast halves,2,"['FOOD' 'FOOD' 'FOOD' 'FOOD' 'FOOD' 'FOOD' 'FOOD' 'PART' 'FOOD' 'FOOD'
 'FOOD' 'FOOD' 'FOOD']"
star,2,['FOOD' 'FOOD' 'FOOD' 'FOOD' 'UNIT' 'FOOD' 'FOOD']
tasty,2,"['FOOD' 'FOOD' 'FOOD' 'FOOD' 'FOOD' 'FOOD' 'FOOD' 'FOOD' 'TASTE' 'FOOD'
 'FOOD' 'FOOD' 'FOOD' 'FOOD' 'FOOD']"
packets,2,"['FOOD' 'FOOD' 'FOOD' 'FOOD' 'FOOD' 'FOOD' 'FOOD' 'FOOD' 'FOOD' 'FOOD'
 'FOOD' 'FOOD' 'FOOD' 'FOOD' 'FOOD' 'FOOD' 'FOOD' 'FOOD' 'FOOD' 'FOOD'
 'FOOD' 'FOOD' 'FOOD' 'FOOD' 'FOOD' 'FOOD' 'UNIT' 'FOOD' 'FOOD' 'FOOD'
 'FOOD' 'FOOD' 'FOOD' 'FOOD' 'FOOD' 'FOOD' 'FOOD' 'FOOD' 'FOOD' 'FOOD'
 'FOOD' 'FOOD' 'FOOD' 'FOOD' 'FOOD' 'FOOD' 'FOOD' 'FOOD' 'FOOD' 'FOOD']"
seasoned,2,"['FOOD' 'FOOD' 'FOOD' 'FOOD' 'FOOD' 'FOOD' 'FOOD' 'TASTE' 'FOOD' 'FOOD'
 'FOOD' 'FOOD' 'FOOD' 'FOOD' 'FOOD' 'FOOD' 'FOOD' 'FOOD' 'FOOD' 'FOOD'
 'FOOD' 'FOOD' 'FOOD']"
pickled,2,"['FOOD' 'FOOD' 'FOOD' 'FOOD' 'FOOD' 'FOOD' 'FOOD' 'FOOD'
 'PHYSICAL_QUALITY' 'FOOD' 'FOOD' 'FOOD' 'FOOD' 'FOOD']"
leg,2,['FOOD' 'PART']
fried crisp,2,['PROCESS' 'FOOD']
clove,2,"['FOOD' 'FOOD' 'FOOD' 'FOOD' 'FOOD' 'FOOD' 'FOOD' 'FOOD' 'FOOD' 'FOOD'
 'FOOD' 'FOOD' 'FOOD' 'FOOD' 'FOOD' 'FOOD' 'FOOD' 'FOOD' 'FOOD' 'FOOD'
 'FOOD' 'FOOD' 'FOOD' 'FOOD' 'FOOD' 'FOOD' 'FOOD' 'FOOD' 'UNIT' 'FOOD'
 'FOOD' 'FOOD' 'FOOD' 'FOOD' 'FOOD' 'FOOD' 'FOOD' 'FOOD' 'FOOD' 'FOOD'
 'FOOD' 'FOOD' 'FOOD' 'FOOD' 'FOOD' 'FOOD' 'FOOD' 'FOOD' 'FOOD' 'FOOD'
 'FOOD' 'FOOD' 'FOOD' 'FOOD' 'FOOD' 'FOOD' 'FOOD']"
tsps,2,"['FOOD' 'FOOD' 'FOOD' 'FOOD' 'FOOD' 'FOOD' 'FOOD' 'FOOD' 'FOOD' 'FOOD'
 'UNIT' 'FOOD' 'FOOD' 'FOOD' 'FOOD' 'FOOD' 'FOOD' 'FOOD' 'FOOD']"
halved,2,['FOOD' 'PROCESS' 'FOOD' 'FOOD' 'FOOD' 'FOOD']
very cold,2,"['FOOD' 'FOOD' 'FOOD' 'FOOD' 'FOOD' 'FOOD' 'FOOD' 'FOOD'
 'PHYSICAL_QUALITY' 'FOOD' 'FOOD' 'FOOD' 'FOOD' 'FOOD']"
ounces,2,['FOOD' 'FOOD' 'FOOD' 'FOOD' 'FOOD' 'UNIT' 'FOOD' 'FOOD']
milliliters,2,"['FOOD' 'FOOD' 'FOOD' 'FOOD' 'FOOD' 'FOOD' 'FOOD' 'FOOD' 'FOOD' 'FOOD'
 'FOOD' 'FOOD' 'FOOD' 'FOOD' 'FOOD' 'FOOD' 'UNIT' 'FOOD' 'FOOD' 'FOOD'
 'FOOD' 'FOOD' 'FOOD' 'FOOD' 'FOOD' 'FOOD']"
sweet,2,"['FOOD' 'FOOD' 'FOOD' 'FOOD' 'FOOD' 'FOOD' 'FOOD' 'FOOD' 'FOOD' 'FOOD'
 'FOOD' 'FOOD' 'FOOD' 'FOOD' 'FOOD' 'FOOD' 'FOOD' 'FOOD' 'FOOD' 'FOOD'
 'FOOD' 'FOOD' 'FOOD' 'FOOD' 'FOOD' 'FOOD' 'TASTE' 'FOOD' 'FOOD' 'FOOD'
 'FOOD' 'FOOD' 'FOOD' 'FOOD' 'FOOD' 'FOOD' 'FOOD' 'FOOD' 'FOOD' 'FOOD'
 'FOOD' 'FOOD' 'FOOD' 'FOOD' 'FOOD' 'FOOD' 'FOOD' 'FOOD' 'FOOD' 'FOOD'
 'FOOD' 'FOOD' 'FOOD' 'FOOD']"
puree,2,"['FOOD' 'FOOD' 'FOOD' 'FOOD' 'FOOD' 'FOOD' 'FOOD' 'FOOD' 'FOOD' 'FOOD'
 'FOOD' 'FOOD' 'FOOD' 'FOOD' 'FOOD' 'FOOD' 'FOOD' 'FOOD' 'FOOD' 'FOOD'
 'FOOD' 'FOOD' 'FOOD' 'FOOD' 'FOOD' 'FOOD' 'FOOD' 'FOOD' 'FOOD' 'PROCESS'
 'FOOD' 'FOOD' 'FOOD' 'FOOD' 'FOOD' 'FOOD' 'FOOD' 'FOOD' 'FOOD' 'FOOD'
 'FOOD' 'FOOD' 'FOOD' 'FOOD' 'FOOD' 'FOOD' 'FOOD' 'FOOD' 'FOOD' 'FOOD'
 'FOOD' 'FOOD' 'FOOD' 'FOOD' 'FOOD' 'FOOD' 'FOOD']"
pure,2,['FOOD' 'PHYSICAL_QUALITY' 'FOOD' 'FOOD']
fine,2,['FOOD' 'FOOD' 'FOOD' 'FOOD' 'PHYSICAL_QUALITY' 'FOOD' 'FOOD']
bars,2,"['FOOD' 'FOOD' 'FOOD' 'FOOD' 'FOOD' 'FOOD' 'FOOD' 'FOOD' 'FOOD' 'FOOD'
 'FOOD' 'FOOD' 'FOOD' 'FOOD' 'FOOD' 'FOOD' 'FOOD' 'FOOD' 'FOOD' 'FOOD'
 'FOOD' 'FOOD' 'FOOD' 'FOOD' 'FOOD' 'UNIT' 'FOOD' 'FOOD' 'FOOD' 'FOOD'
 'FOOD' 'FOOD' 'FOOD' 'FOOD' 'FOOD' 'FOOD' 'FOOD' 'FOOD' 'FOOD' 'FOOD'
 'FOOD' 'FOOD' 'FOOD' 'FOOD' 'FOOD' 'FOOD' 'FOOD' 'FOOD' 'FOOD']"
larger,2,"['FOOD' 'FOOD' 'FOOD' 'FOOD' 'FOOD' 'FOOD' 'FOOD' 'FOOD' 'FOOD' 'FOOD'
 'PHYSICAL_QUALITY' 'FOOD' 'FOOD' 'FOOD' 'FOOD' 'FOOD' 'FOOD']"
bittersweet,2,"['FOOD' 'FOOD' 'FOOD' 'FOOD' 'FOOD' 'FOOD' 'FOOD' 'FOOD' 'FOOD' 'FOOD'
 'FOOD' 'FOOD' 'FOOD' 'FOOD' 'FOOD' 'FOOD' 'FOOD' 'FOOD' 'TASTE' 'FOOD'
 'FOOD' 'FOOD' 'FOOD' 'FOOD' 'FOOD' 'FOOD' 'FOOD' 'FOOD' 'FOOD']"
dry,2,"['FOOD' 'FOOD' 'FOOD' 'FOOD' 'FOOD' 'FOOD' 'FOOD' 'FOOD' 'FOOD' 'FOOD'
 'FOOD' 'FOOD' 'FOOD' 'FOOD' 'PHYSICAL_QUALITY' 'FOOD' 'FOOD' 'FOOD'
 'FOOD' 'FOOD' 'FOOD' 'FOOD' 'FOOD' 'FOOD' 'FOOD' 'FOOD' 'FOOD' 'FOOD'
 'FOOD' 'FOOD' 'FOOD' 'FOOD' 'FOOD' 'FOOD']"
slice,2,"['FOOD' 'FOOD' 'FOOD' 'FOOD' 'FOOD' 'FOOD' 'FOOD' 'FOOD' 'FOOD' 'FOOD'
 'FOOD' 'FOOD' 'FOOD' 'FOOD' 'FOOD' 'FOOD' 'FOOD' 'FOOD' 'FOOD' 'FOOD'
 'FOOD' 'FOOD' 'FOOD' 'FOOD' 'FOOD' 'FOOD' 'UNIT' 'FOOD' 'FOOD' 'FOOD'
 'FOOD' 'FOOD' 'FOOD' 'FOOD' 'FOOD' 'FOOD' 'FOOD' 'FOOD' 'FOOD' 'FOOD'
 'FOOD' 'FOOD' 'FOOD' 'FOOD' 'FOOD' 'FOOD' 'FOOD' 'FOOD']"
chops,2,"['FOOD' 'FOOD' 'FOOD' 'FOOD' 'FOOD' 'FOOD' 'FOOD' 'FOOD' 'FOOD' 'FOOD'
 'FOOD' 'FOOD' 'FOOD' 'FOOD' 'FOOD' 'FOOD' 'FOOD' 'FOOD' 'FOOD' 'FOOD'
 'FOOD' 'FOOD' 'FOOD' 'FOOD' 'FOOD' 'FOOD' 'UNIT' 'FOOD' 'FOOD' 'FOOD'
 'FOOD' 'FOOD' 'FOOD' 'FOOD' 'FOOD' 'FOOD' 'FOOD' 'FOOD' 'FOOD' 'FOOD'
 'FOOD' 'FOOD' 'FOOD' 'FOOD' 'FOOD' 'FOOD' 'FOOD' 'FOOD' 'FOOD' 'FOOD'
 'FOOD' 'FOOD']"
dark brown,2,['FOOD' 'FOOD' 'COLOR' 'FOOD' 'FOOD' 'FOOD']
melting,2,"['FOOD' 'FOOD' 'FOOD' 'FOOD' 'FOOD' 'PHYSICAL_QUALITY' 'FOOD' 'FOOD'
 'FOOD' 'FOOD' 'FOOD']"
sticks,2,"['FOOD' 'FOOD' 'FOOD' 'FOOD' 'FOOD' 'FOOD' 'FOOD' 'FOOD' 'FOOD' 'FOOD'
 'FOOD' 'FOOD' 'FOOD' 'FOOD' 'FOOD' 'FOOD' 'FOOD' 'FOOD' 'FOOD' 'FOOD'
 'FOOD' 'FOOD' 'FOOD' 'FOOD' 'FOOD' 'FOOD' 'FOOD' 'FOOD' 'UNIT' 'FOOD'
 'FOOD' 'FOOD' 'FOOD' 'FOOD' 'FOOD' 'FOOD' 'FOOD' 'FOOD' 'FOOD' 'FOOD'
 'FOOD' 'FOOD' 'FOOD' 'FOOD' 'FOOD' 'FOOD' 'FOOD' 'FOOD' 'FOOD' 'FOOD'
 'FOOD' 'FOOD' 'FOOD' 'FOOD' 'FOOD']"
pepperoncini,2,"['FOOD' 'FOOD' 'FOOD' 'FOOD' 'FOOD' 'FOOD' 'FOOD' 'FOOD' 'FOOD' 'FOOD'
 'FOOD' 'FOOD' 'FOOD' 'FOOD' 'FOOD' 'FOOD' 'FOOD' 'FOOD' 'FOOD' 'FOOD'
 'FOOD' 'FOOD' 'TASTE' 'FOOD' 'FOOD' 'FOOD' 'FOOD' 'FOOD' 'FOOD' 'FOOD'
 'FOOD' 'FOOD' 'FOOD' 'FOOD' 'FOOD' 'FOOD' 'FOOD' 'FOOD' 'FOOD' 'FOOD'
 'FOOD' 'FOOD' 'FOOD']"
can,2,['FOOD' 'FOOD' 'UNIT' 'FOOD' 'FOOD']
thighs,2,"['FOOD' 'FOOD' 'FOOD' 'FOOD' 'FOOD' 'FOOD' 'FOOD' 'FOOD' 'FOOD' 'FOOD'
 'FOOD' 'FOOD' 'FOOD' 'FOOD' 'FOOD' 'FOOD' 'FOOD' 'FOOD' 'FOOD' 'FOOD'
 'FOOD' 'FOOD' 'FOOD' 'FOOD' 'FOOD' 'PART' 'FOOD' 'FOOD' 'FOOD' 'FOOD'
 'FOOD' 'FOOD' 'FOOD' 'FOOD' 'FOOD' 'FOOD' 'FOOD' 'FOOD' 'FOOD' 'FOOD'
 'FOOD' 'FOOD' 'FOOD' 'FOOD' 'FOOD' 'FOOD' 'FOOD' 'FOOD' 'FOOD' 'FOOD']"
scoop,2,['FOOD' 'FOOD' 'FOOD' 'UNIT' 'FOOD' 'FOOD' 'FOOD' 'FOOD']
big,2,"['FOOD' 'FOOD' 'FOOD' 'FOOD' 'FOOD' 'FOOD' 'FOOD' 'FOOD' 'FOOD' 'FOOD'
 'FOOD' 'FOOD' 'FOOD' 'FOOD' 'FOOD' 'FOOD' 'PHYSICAL_QUALITY' 'FOOD'
 'FOOD' 'FOOD' 'FOOD' 'FOOD' 'FOOD' 'FOOD' 'FOOD' 'FOOD' 'FOOD']"
light,2,"['FOOD' 'FOOD' 'FOOD' 'FOOD' 'FOOD' 'FOOD' 'FOOD' 'FOOD' 'FOOD' 'FOOD'
 'FOOD' 'FOOD' 'FOOD' 'FOOD' 'FOOD' 'FOOD' 'FOOD' 'FOOD' 'FOOD' 'FOOD'
 'FOOD' 'FOOD' 'FOOD' 'FOOD' 'FOOD' 'FOOD' 'FOOD' 'FOOD' 'FOOD' 'FOOD'
 'PHYSICAL_QUALITY' 'FOOD' 'FOOD' 'FOOD' 'FOOD' 'FOOD' 'FOOD' 'FOOD'
 'FOOD' 'FOOD' 'FOOD' 'FOOD' 'FOOD' 'FOOD' 'FOOD' 'FOOD' 'FOOD' 'FOOD'
 'FOOD' 'FOOD' 'FOOD' 'FOOD' 'FOOD' 'FOOD' 'FOOD' 'FOOD' 'FOOD' 'FOOD']"
stalk,2,"['FOOD' 'FOOD' 'FOOD' 'FOOD' 'FOOD' 'FOOD' 'FOOD' 'FOOD' 'FOOD' 'FOOD'
 'FOOD' 'FOOD' 'FOOD' 'FOOD' 'FOOD' 'FOOD' 'FOOD' 'FOOD' 'FOOD' 'UNIT'
 'FOOD' 'FOOD' 'FOOD' 'FOOD' 'FOOD' 'FOOD' 'FOOD' 'FOOD' 'FOOD' 'FOOD'
 'FOOD' 'FOOD' 'FOOD' 'FOOD' 'FOOD' 'FOOD']"
inch,2,['FOOD' 'UNIT']
oval,2,"['FOOD' 'FOOD' 'FOOD' 'FOOD' 'FOOD' 'FOOD' 'PHYSICAL_QUALITY' 'FOOD'
 'FOOD' 'FOOD']"
g,2,['FOOD' 'FOOD' 'FOOD' 'UNIT']
dried,2,"['FOOD' 'FOOD' 'FOOD' 'FOOD' 'FOOD' 'FOOD' 'FOOD' 'FOOD' 'FOOD' 'FOOD'
 'FOOD' 'FOOD' 'FOOD' 'FOOD' 'PHYSICAL_QUALITY' 'FOOD' 'FOOD' 'FOOD'
 'FOOD' 'FOOD' 'FOOD' 'FOOD' 'FOOD' 'FOOD' 'FOOD' 'FOOD' 'FOOD' 'FOOD'
 'FOOD' 'FOOD' 'FOOD' 'FOOD' 'FOOD' 'FOOD']"
cubed,2,"['FOOD' 'FOOD' 'FOOD' 'FOOD' 'FOOD' 'FOOD' 'FOOD' 'PROCESS' 'FOOD' 'FOOD'
 'FOOD' 'FOOD']"
cut,2,['FOOD' 'FOOD' 'FOOD' 'PROCESS' 'FOOD' 'FOOD' 'FOOD']
red,2,"['FOOD' 'FOOD' 'FOOD' 'FOOD' 'FOOD' 'FOOD' 'FOOD' 'FOOD' 'FOOD' 'FOOD'
 'FOOD' 'FOOD' 'FOOD' 'FOOD' 'FOOD' 'FOOD' 'FOOD' 'FOOD' 'FOOD' 'FOOD'
 'FOOD' 'FOOD' 'FOOD' 'FOOD' 'FOOD' 'COLOR' 'FOOD' 'FOOD' 'FOOD' 'FOOD'
 'FOOD' 'FOOD' 'FOOD' 'FOOD' 'FOOD' 'FOOD' 'FOOD' 'FOOD' 'FOOD' 'FOOD'
 'FOOD' 'FOOD' 'FOOD' 'FOOD' 'FOOD' 'FOOD' 'FOOD' 'FOOD' 'FOOD' 'FOOD'
 'FOOD' 'FOOD']"
bar,2,"['FOOD' 'FOOD' 'FOOD' 'FOOD' 'FOOD' 'FOOD' 'FOOD' 'FOOD' 'FOOD' 'FOOD'
 'FOOD' 'FOOD' 'FOOD' 'FOOD' 'FOOD' 'FOOD' 'FOOD' 'FOOD' 'FOOD' 'FOOD'
 'FOOD' 'FOOD' 'FOOD' 'UNIT' 'FOOD' 'FOOD' 'FOOD' 'FOOD' 'FOOD' 'FOOD'
 'FOOD' 'FOOD' 'FOOD' 'FOOD' 'FOOD' 'FOOD' 'FOOD' 'FOOD' 'FOOD' 'FOOD'
 'FOOD' 'FOOD' 'FOOD' 'FOOD' 'FOOD']"
drops,2,"['FOOD' 'FOOD' 'FOOD' 'FOOD' 'FOOD' 'FOOD' 'FOOD' 'FOOD' 'FOOD' 'FOOD'
 'FOOD' 'FOOD' 'FOOD' 'FOOD' 'FOOD' 'FOOD' 'FOOD' 'FOOD' 'FOOD' 'FOOD'
 'FOOD' 'FOOD' 'FOOD' 'FOOD' 'FOOD' 'FOOD' 'FOOD' 'UNIT' 'FOOD' 'FOOD'
 'FOOD' 'FOOD' 'FOOD' 'FOOD' 'FOOD' 'FOOD' 'FOOD' 'FOOD' 'FOOD' 'FOOD'
 'FOOD' 'FOOD' 'FOOD' 'FOOD' 'FOOD' 'FOOD' 'FOOD' 'FOOD' 'FOOD' 'FOOD'
 'FOOD' 'FOOD' 'FOOD' 'FOOD']"
thin ham slices,2,['FOOD' 'FOOD' 'FOOD' 'FOOD' 'PHYSICAL_QUALITY' 'FOOD' 'FOOD']
cans,2,"['FOOD' 'FOOD' 'FOOD' 'FOOD' 'FOOD' 'FOOD' 'FOOD' 'FOOD' 'FOOD' 'FOOD'
 'FOOD' 'FOOD' 'FOOD' 'FOOD' 'FOOD' 'FOOD' 'FOOD' 'FOOD' 'UNIT' 'FOOD'
 'FOOD' 'FOOD' 'FOOD' 'FOOD' 'FOOD' 'FOOD' 'FOOD' 'FOOD' 'FOOD' 'FOOD'
 'FOOD' 'FOOD' 'FOOD' 'FOOD']"
heads,2,['FOOD' 'FOOD' 'UNIT' 'FOOD' 'FOOD' 'FOOD']
dash,2,['FOOD' 'FOOD' 'UNIT']
frozen,2,"['FOOD' 'FOOD' 'FOOD' 'FOOD' 'FOOD' 'FOOD' 'FOOD' 'FOOD' 'FOOD' 'FOOD'
 'FOOD' 'FOOD' 'FOOD' 'FOOD' 'FOOD' 'FOOD' 'FOOD' 'FOOD' 'FOOD' 'FOOD'
 'FOOD' 'FOOD' 'FOOD' 'FOOD' 'FOOD' 'FOOD' 'FOOD' 'PROCESS' 'FOOD' 'FOOD'
 'FOOD' 'FOOD' 'FOOD' 'FOOD' 'FOOD' 'FOOD' 'FOOD' 'FOOD' 'FOOD' 'FOOD'
 'FOOD' 'FOOD' 'FOOD' 'FOOD' 'FOOD' 'FOOD' 'FOOD' 'FOOD' 'FOOD' 'FOOD'
 'FOOD' 'FOOD' 'FOOD' 'FOOD' 'FOOD' 'FOOD' 'FOOD']"
approximately,2,['FOOD' 'FOOD' 'FOOD' 'FOOD' 'FOOD' 'QUANTITY' 'FOOD' 'FOOD']
firmly packed,2,['PHYSICAL_QUALITY' 'FOOD']
sun-dried,2,['FOOD' 'FOOD' 'FOOD' 'FOOD' 'PHYSICAL_QUALITY' 'FOOD' 'FOOD' 'FOOD']
crumbled,2,['FOOD' 'FOOD' 'FOOD' 'PROCESS' 'FOOD' 'FOOD' 'FOOD' 'FOOD' 'FOOD']
extra-virgin,2,"['FOOD' 'FOOD' 'FOOD' 'FOOD' 'FOOD' 'PHYSICAL_QUALITY' 'FOOD' 'FOOD'
 'FOOD' 'FOOD' 'FOOD' 'FOOD']"
pounds,2,['FOOD' 'FOOD' 'FOOD' 'FOOD' 'FOOD' 'UNIT' 'FOOD' 'FOOD']
mixed,2,"['FOOD' 'FOOD' 'FOOD' 'FOOD' 'FOOD' 'FOOD' 'FOOD' 'FOOD' 'FOOD' 'FOOD'
 'FOOD' 'FOOD' 'FOOD' 'FOOD' 'FOOD' 'FOOD' 'FOOD' 'FOOD' 'FOOD' 'FOOD'
 'FOOD' 'FOOD' 'FOOD' 'FOOD' 'FOOD' 'FOOD' 'FOOD' 'FOOD' 'FOOD' 'FOOD'
 'COLOR' 'FOOD' 'FOOD' 'FOOD' 'FOOD' 'FOOD' 'FOOD' 'FOOD' 'FOOD' 'FOOD'
 'FOOD' 'FOOD' 'FOOD' 'FOOD' 'FOOD' 'FOOD' 'FOOD' 'FOOD' 'FOOD' 'FOOD'
 'FOOD' 'FOOD' 'FOOD' 'FOOD' 'FOOD' 'FOOD' 'FOOD' 'FOOD']"
processed,2,['FOOD' 'FOOD' 'FOOD' 'FOOD' 'PROCESS' 'FOOD' 'FOOD' 'FOOD' 'FOOD']
full cream,2,"['FOOD' 'FOOD' 'FOOD' 'FOOD' 'FOOD' 'FOOD' 'PHYSICAL_QUALITY' 'FOOD'
 'FOOD' 'FOOD' 'FOOD' 'FOOD']"
without stems,2,['FOOD' 'FOOD' 'PHYSICAL_QUALITY']
blanco,2,"['FOOD' 'FOOD' 'FOOD' 'FOOD' 'FOOD' 'FOOD' 'FOOD' 'FOOD' 'FOOD' 'FOOD'
 'FOOD' 'FOOD' 'COLOR' 'FOOD' 'FOOD' 'FOOD' 'FOOD' 'FOOD']"
zested,2,['FOOD' 'FOOD' 'FOOD' 'FOOD' 'FOOD' 'PROCESS' 'FOOD' 'FOOD']
washed,2,"['FOOD' 'FOOD' 'FOOD' 'FOOD' 'FOOD' 'FOOD' 'FOOD' 'FOOD' 'FOOD' 'FOOD'
 'FOOD' 'FOOD' 'FOOD' 'FOOD' 'FOOD' 'PROCESS' 'FOOD' 'FOOD' 'FOOD' 'FOOD'
 'FOOD' 'FOOD']"
box,2,"['FOOD' 'FOOD' 'FOOD' 'FOOD' 'FOOD' 'UNIT' 'FOOD' 'FOOD' 'FOOD' 'FOOD'
 'FOOD' 'FOOD' 'FOOD' 'FOOD' 'FOOD' 'FOOD']"
assorted,2,['FOOD' 'FOOD' 'PROCESS' 'FOOD' 'FOOD' 'FOOD' 'FOOD']
handfuls,2,"['FOOD' 'FOOD' 'FOOD' 'FOOD' 'FOOD' 'FOOD' 'FOOD' 'FOOD' 'FOOD' 'FOOD'
 'FOOD' 'FOOD' 'FOOD' 'UNIT' 'FOOD' 'FOOD' 'FOOD' 'FOOD' 'FOOD' 'FOOD'
 'FOOD' 'FOOD']"
bottle,2,"['FOOD' 'FOOD' 'FOOD' 'FOOD' 'FOOD' 'FOOD' 'FOOD' 'UNIT' 'FOOD' 'FOOD'
 'FOOD' 'FOOD']"
gold,2,"['FOOD' 'FOOD' 'FOOD' 'FOOD' 'FOOD' 'FOOD' 'FOOD' 'FOOD' 'FOOD' 'FOOD'
 'FOOD' 'FOOD' 'FOOD' 'FOOD' 'FOOD' 'FOOD' 'FOOD' 'FOOD' 'COLOR' 'FOOD'
 'FOOD' 'FOOD' 'FOOD' 'FOOD' 'FOOD' 'FOOD' 'FOOD' 'FOOD' 'FOOD']"
cooked,2,"['FOOD' 'FOOD' 'FOOD' 'FOOD' 'FOOD' 'FOOD' 'FOOD' 'FOOD' 'FOOD' 'FOOD'
 'FOOD' 'FOOD' 'FOOD' 'FOOD' 'PROCESS' 'FOOD' 'FOOD' 'FOOD' 'FOOD' 'FOOD'
 'FOOD' 'FOOD' 'FOOD' 'FOOD' 'FOOD' 'FOOD' 'FOOD' 'FOOD' 'FOOD' 'FOOD'
 'FOOD' 'FOOD' 'FOOD']"
pint,2,['UNIT' 'FOOD']
semi-sweet,2,"['FOOD' 'FOOD' 'FOOD' 'FOOD' 'FOOD' 'FOOD' 'FOOD' 'FOOD' 'FOOD' 'FOOD'
 'FOOD' 'FOOD' 'FOOD' 'FOOD' 'FOOD' 'FOOD' 'FOOD' 'FOOD' 'FOOD' 'FOOD'
 'FOOD' 'FOOD' 'FOOD' 'FOOD' 'FOOD' 'TASTE' 'FOOD' 'FOOD' 'FOOD' 'FOOD'
 'FOOD' 'FOOD' 'FOOD' 'FOOD' 'FOOD' 'FOOD' 'FOOD' 'FOOD' 'FOOD' 'FOOD'
 'FOOD' 'FOOD' 'FOOD' 'FOOD' 'FOOD' 'FOOD' 'FOOD' 'FOOD' 'FOOD' 'FOOD'
 'FOOD']"
gallon,2,"['FOOD' 'FOOD' 'FOOD' 'FOOD' 'FOOD' 'FOOD' 'FOOD' 'FOOD' 'FOOD' 'FOOD'
 'FOOD' 'FOOD' 'FOOD' 'FOOD' 'FOOD' 'FOOD' 'FOOD' 'FOOD' 'FOOD' 'FOOD'
 'FOOD' 'FOOD' 'FOOD' 'UNIT' 'FOOD' 'FOOD' 'FOOD' 'FOOD' 'FOOD' 'FOOD'
 'FOOD' 'FOOD' 'FOOD' 'FOOD' 'FOOD' 'FOOD' 'FOOD' 'FOOD' 'FOOD' 'FOOD'
 'FOOD' 'FOOD' 'FOOD' 'FOOD']"
real,2,['FOOD' 'FOOD' 'FOOD' 'PHYSICAL_QUALITY' 'FOOD']
envelope,2,"['FOOD' 'FOOD' 'FOOD' 'FOOD' 'FOOD' 'UNIT' 'FOOD' 'FOOD' 'FOOD' 'FOOD'
 'FOOD']"
peeled,2,"['FOOD' 'FOOD' 'FOOD' 'FOOD' 'FOOD' 'FOOD' 'FOOD' 'FOOD' 'PROCESS' 'FOOD'
 'FOOD' 'FOOD' 'FOOD']"
ground lean,2,"['FOOD' 'FOOD' 'FOOD' 'FOOD' 'FOOD' 'FOOD' 'FOOD' 'PHYSICAL_QUALITY'
 'FOOD' 'FOOD' 'FOOD' 'FOOD' 'FOOD']"
refrigerated,2,['FOOD' 'FOOD' 'PROCESS' 'FOOD' 'FOOD']
bunches,2,"['FOOD' 'FOOD' 'FOOD' 'FOOD' 'FOOD' 'FOOD' 'FOOD' 'FOOD' 'FOOD' 'FOOD'
 'FOOD' 'FOOD' 'FOOD' 'FOOD' 'FOOD' 'FOOD' 'FOOD' 'FOOD' 'UNIT' 'FOOD'
 'FOOD' 'FOOD' 'FOOD' 'FOOD' 'FOOD' 'FOOD' 'FOOD' 'FOOD' 'FOOD' 'FOOD'
 'FOOD' 'FOOD']"
tablet,2,['FOOD' 'FOOD' 'FOOD' 'UNIT' 'FOOD' 'FOOD']
granulated,2,"['FOOD' 'FOOD' 'FOOD' 'FOOD' 'PHYSICAL_QUALITY' 'FOOD' 'FOOD' 'FOOD'
 'FOOD' 'FOOD' 'FOOD' 'FOOD' 'FOOD']"
semi sweet,2,['FOOD' 'FOOD' 'FOOD' 'FOOD' 'FOOD' 'FOOD' 'TASTE' 'FOOD' 'FOOD' 'FOOD']
whole,2,"['FOOD' 'FOOD' 'FOOD' 'FOOD' 'FOOD' 'FOOD' 'FOOD' 'FOOD' 'FOOD' 'FOOD'
 'FOOD' 'FOOD' 'FOOD' 'FOOD' 'FOOD' 'FOOD' 'FOOD' 'FOOD' 'FOOD'
 'PHYSICAL_QUALITY' 'FOOD' 'FOOD' 'FOOD' 'FOOD' 'FOOD' 'FOOD' 'FOOD'
 'FOOD' 'FOOD' 'FOOD' 'FOOD' 'FOOD' 'FOOD' 'FOOD' 'FOOD' 'FOOD' 'FOOD'
 'FOOD' 'FOOD' 'FOOD']"
pitted,2,['PHYSICAL_QUALITY' 'FOOD' 'FOOD']
blanched,2,"['FOOD' 'FOOD' 'FOOD' 'FOOD' 'FOOD' 'FOOD' 'FOOD' 'FOOD' 'FOOD' 'FOOD'
 'FOOD' 'FOOD' 'FOOD' 'FOOD' 'FOOD' 'FOOD' 'FOOD' 'FOOD' 'FOOD' 'PROCESS'
 'FOOD' 'FOOD' 'FOOD' 'FOOD' 'FOOD' 'FOOD' 'FOOD' 'FOOD' 'FOOD' 'FOOD'
 'FOOD' 'FOOD' 'FOOD' 'FOOD']"
wheel,2,"['FOOD' 'FOOD' 'FOOD' 'FOOD' 'FOOD' 'FOOD' 'FOOD' 'FOOD' 'FOOD' 'FOOD'
 'FOOD' 'FOOD' 'FOOD' 'FOOD' 'FOOD' 'FOOD' 'FOOD' 'UNIT' 'FOOD' 'FOOD'
 'FOOD' 'FOOD' 'FOOD' 'FOOD' 'FOOD' 'FOOD' 'FOOD']"
slivered,2,"['FOOD' 'FOOD' 'FOOD' 'FOOD' 'FOOD' 'FOOD' 'FOOD' 'PROCESS' 'FOOD' 'FOOD'
 'FOOD' 'FOOD' 'FOOD' 'FOOD' 'FOOD' 'FOOD' 'FOOD' 'FOOD']"
parts,2,['FOOD' 'FOOD' 'FOOD' 'FOOD' 'FOOD' 'UNIT']
fillets,2,"['FOOD' 'FOOD' 'FOOD' 'FOOD' 'FOOD' 'FOOD' 'FOOD' 'FOOD' 'FOOD' 'FOOD'
 'FOOD' 'FOOD' 'FOOD' 'FOOD' 'FOOD' 'FOOD' 'FOOD' 'FOOD' 'FOOD' 'FOOD'
 'UNIT' 'FOOD' 'FOOD' 'FOOD' 'FOOD' 'FOOD' 'FOOD' 'FOOD' 'FOOD' 'FOOD'
 'FOOD' 'FOOD' 'FOOD' 'FOOD' 'FOOD' 'FOOD' 'FOOD' 'FOOD' 'FOOD' 'FOOD'
 'FOOD' 'FOOD' 'FOOD' 'FOOD' 'FOOD' 'FOOD' 'FOOD']"
stick,2,"['FOOD' 'FOOD' 'FOOD' 'FOOD' 'FOOD' 'FOOD' 'FOOD' 'FOOD' 'FOOD' 'FOOD'
 'UNIT' 'FOOD' 'FOOD' 'FOOD' 'FOOD' 'FOOD' 'FOOD' 'FOOD' 'FOOD' 'FOOD'
 'FOOD' 'FOOD']"
concentrate,2,"['FOOD' 'FOOD' 'FOOD' 'FOOD' 'FOOD' 'FOOD' 'FOOD' 'FOOD' 'FOOD' 'FOOD'
 'FOOD' 'FOOD' 'FOOD' 'FOOD' 'FOOD' 'FOOD' 'FOOD' 'FOOD' 'FOOD' 'FOOD'
 'FOOD' 'FOOD' 'FOOD' 'FOOD' 'FOOD' 'FOOD' 'FOOD' 'FOOD'
 'PHYSICAL_QUALITY' 'FOOD' 'FOOD' 'FOOD' 'FOOD' 'FOOD' 'FOOD' 'FOOD'
 'FOOD' 'FOOD' 'FOOD' 'FOOD' 'FOOD' 'FOOD' 'FOOD' 'FOOD' 'FOOD' 'FOOD'
 'FOOD' 'FOOD' 'FOOD' 'FOOD' 'FOOD' 'FOOD' 'FOOD' 'FOOD' 'FOOD' 'FOOD'
 'FOOD']"
Sweet,2,['FOOD' 'FOOD' 'TASTE' 'FOOD' 'FOOD']
mild,2,"['FOOD' 'FOOD' 'FOOD' 'FOOD' 'FOOD' 'FOOD' 'FOOD' 'FOOD' 'TASTE' 'FOOD'
 'FOOD' 'FOOD' 'FOOD' 'FOOD' 'FOOD' 'FOOD']"
firm,2,"['FOOD' 'FOOD' 'FOOD' 'FOOD' 'FOOD' 'FOOD' 'FOOD' 'FOOD' 'FOOD' 'FOOD'
 'FOOD' 'FOOD' 'FOOD' 'FOOD' 'FOOD' 'FOOD' 'FOOD' 'FOOD' 'FOOD' 'FOOD'
 'PHYSICAL_QUALITY' 'FOOD' 'FOOD' 'FOOD' 'FOOD' 'FOOD' 'FOOD' 'FOOD'
 'FOOD' 'FOOD' 'FOOD' 'FOOD' 'FOOD' 'FOOD' 'FOOD' 'FOOD' 'FOOD' 'FOOD'
 'FOOD' 'FOOD']"
breasts,2,"['FOOD' 'FOOD' 'FOOD' 'FOOD' 'FOOD' 'FOOD' 'FOOD' 'FOOD' 'FOOD' 'FOOD'
 'FOOD' 'FOOD' 'FOOD' 'FOOD' 'FOOD' 'FOOD' 'FOOD' 'FOOD' 'FOOD' 'FOOD'
 'FOOD' 'FOOD' 'FOOD' 'FOOD' 'PART' 'FOOD' 'FOOD' 'FOOD' 'FOOD' 'FOOD'
 'FOOD' 'FOOD' 'FOOD' 'FOOD' 'FOOD' 'FOOD' 'FOOD' 'FOOD' 'FOOD' 'FOOD'
 'FOOD' 'FOOD' 'FOOD' 'FOOD' 'FOOD' 'FOOD' 'FOOD' 'FOOD' 'FOOD' 'FOOD'
 'FOOD' 'FOOD']"
evaporated,2,"['FOOD' 'FOOD' 'FOOD' 'FOOD' 'FOOD' 'FOOD' 'FOOD' 'FOOD'
 'PHYSICAL_QUALITY' 'FOOD' 'FOOD' 'FOOD' 'FOOD' 'FOOD']"
whipped,2,"['FOOD' 'FOOD' 'FOOD' 'FOOD' 'FOOD' 'FOOD' 'FOOD' 'FOOD' 'FOOD' 'FOOD'
 'FOOD' 'FOOD' 'FOOD' 'FOOD' 'FOOD' 'PROCESS' 'FOOD' 'FOOD' 'FOOD' 'FOOD'
 'FOOD' 'FOOD' 'FOOD' 'FOOD' 'FOOD' 'FOOD' 'FOOD' 'FOOD' 'FOOD' 'FOOD'
 'FOOD' 'FOOD' 'FOOD' 'FOOD' 'FOOD']"
fresh ground,2,"['FOOD' 'FOOD' 'FOOD' 'FOOD' 'FOOD' 'FOOD' 'FOOD' 'PROCESS' 'FOOD' 'FOOD'
 'FOOD']"
toasted,2,"['FOOD' 'FOOD' 'FOOD' 'FOOD' 'FOOD' 'PROCESS' 'FOOD' 'FOOD' 'FOOD' 'FOOD'
 'FOOD' 'FOOD']"
fresh squeezed,2,['FOOD' 'FOOD' 'FOOD' 'FOOD' 'FOOD' 'PHYSICAL_QUALITY' 'FOOD' 'FOOD']
redskin,2,['COLOR' 'FOOD']
heavy,2,"['FOOD' 'FOOD' 'FOOD' 'FOOD' 'FOOD' 'FOOD' 'FOOD' 'FOOD' 'FOOD' 'FOOD'
 'FOOD' 'FOOD' 'FOOD' 'FOOD' 'FOOD' 'FOOD' 'FOOD' 'FOOD' 'FOOD' 'FOOD'
 'FOOD' 'FOOD' 'FOOD' 'FOOD' 'FOOD' 'FOOD' 'FOOD' 'FOOD' 'FOOD' 'FOOD'
 'TASTE' 'FOOD' 'FOOD' 'FOOD' 'FOOD' 'FOOD' 'FOOD' 'FOOD' 'FOOD' 'FOOD'
 'FOOD' 'FOOD' 'FOOD' 'FOOD' 'FOOD' 'FOOD' 'FOOD' 'FOOD' 'FOOD' 'FOOD'
 'FOOD' 'FOOD' 'FOOD' 'FOOD' 'FOOD' 'FOOD' 'FOOD' 'FOOD']"
low-sodium,2,"['FOOD' 'FOOD' 'FOOD' 'FOOD' 'FOOD' 'FOOD' 'FOOD' 'FOOD' 'FOOD' 'FOOD'
 'FOOD' 'FOOD' 'FOOD' 'FOOD' 'FOOD' 'PHYSICAL_QUALITY' 'FOOD' 'FOOD'
 'FOOD' 'FOOD' 'FOOD' 'FOOD' 'FOOD' 'FOOD' 'FOOD' 'FOOD']"
liquid,2,"['FOOD' 'FOOD' 'FOOD' 'FOOD' 'FOOD' 'FOOD' 'FOOD' 'FOOD' 'FOOD' 'FOOD'
 'FOOD' 'FOOD' 'FOOD' 'FOOD' 'FOOD' 'FOOD' 'FOOD' 'FOOD' 'FOOD' 'FOOD'
 'FOOD' 'FOOD' 'FOOD' 'FOOD' 'FOOD' 'FOOD' 'PHYSICAL_QUALITY' 'FOOD'
 'FOOD' 'FOOD' 'FOOD' 'FOOD' 'FOOD' 'FOOD' 'FOOD' 'FOOD' 'FOOD' 'FOOD'
 'FOOD' 'FOOD' 'FOOD' 'FOOD' 'FOOD' 'FOOD' 'FOOD' 'FOOD' 'FOOD' 'FOOD'
 'FOOD' 'FOOD' 'FOOD' 'FOOD' 'FOOD' 'FOOD']"
medium sized,2,['FOOD' 'FOOD' 'PHYSICAL_QUALITY']
long grain,2,"['FOOD' 'FOOD' 'FOOD' 'FOOD' 'FOOD' 'FOOD' 'FOOD' 'FOOD' 'FOOD' 'FOOD'
 'FOOD' 'FOOD' 'FOOD' 'FOOD' 'FOOD' 'FOOD' 'FOOD' 'FOOD' 'FOOD' 'FOOD'
 'FOOD' 'FOOD' 'FOOD' 'PHYSICAL_QUALITY' 'FOOD' 'FOOD' 'FOOD' 'FOOD'
 'FOOD' 'FOOD' 'FOOD' 'FOOD' 'FOOD' 'FOOD' 'FOOD' 'FOOD' 'FOOD' 'FOOD'
 'FOOD']"
boxes,2,"['FOOD' 'FOOD' 'FOOD' 'FOOD' 'FOOD' 'UNIT' 'FOOD' 'FOOD' 'FOOD' 'FOOD'
 'FOOD' 'FOOD']"
head,2,"['FOOD' 'FOOD' 'FOOD' 'FOOD' 'FOOD' 'FOOD' 'FOOD' 'FOOD' 'FOOD' 'FOOD'
 'FOOD' 'FOOD' 'FOOD' 'FOOD' 'FOOD' 'FOOD' 'FOOD' 'FOOD' 'FOOD' 'FOOD'
 'FOOD' 'FOOD' 'FOOD' 'FOOD' 'FOOD' 'FOOD' 'FOOD' 'FOOD' 'FOOD' 'FOOD'
 'UNIT' 'FOOD' 'FOOD' 'FOOD' 'FOOD' 'FOOD' 'FOOD' 'FOOD' 'FOOD' 'FOOD'
 'FOOD' 'FOOD' 'FOOD' 'FOOD' 'FOOD' 'FOOD' 'FOOD' 'FOOD' 'FOOD' 'FOOD'
 'FOOD' 'FOOD' 'FOOD' 'FOOD' 'FOOD' 'FOOD' 'FOOD' 'FOOD']"
regular size,2,['FOOD' 'FOOD' 'FOOD' 'FOOD' 'FOOD' 'PHYSICAL_QUALITY']
solid,2,"['FOOD' 'FOOD' 'FOOD' 'FOOD' 'FOOD' 'FOOD' 'FOOD' 'FOOD' 'FOOD'
 'PHYSICAL_QUALITY' 'FOOD' 'FOOD' 'FOOD' 'FOOD' 'FOOD' 'FOOD' 'FOOD'
 'FOOD']"
sweet and sour,2,['FOOD' 'FOOD' 'TASTE' 'FOOD' 'FOOD']
lean,2,"['FOOD' 'FOOD' 'FOOD' 'FOOD' 'FOOD' 'FOOD' 'FOOD' 'FOOD' 'FOOD' 'FOOD'
 'FOOD' 'FOOD' 'FOOD' 'FOOD' 'FOOD' 'FOOD' 'FOOD' 'FOOD' 'FOOD' 'FOOD'
 'FOOD' 'FOOD' 'FOOD' 'FOOD' 'PHYSICAL_QUALITY' 'FOOD' 'FOOD' 'FOOD'
 'FOOD' 'FOOD' 'FOOD' 'FOOD' 'FOOD' 'FOOD' 'FOOD' 'FOOD' 'FOOD' 'FOOD'
 'FOOD' 'FOOD' 'FOOD' 'FOOD' 'FOOD' 'FOOD' 'FOOD' 'FOOD' 'FOOD' 'FOOD'
 'FOOD']"
powdered,2,"['FOOD' 'FOOD' 'FOOD' 'FOOD' 'FOOD' 'FOOD' 'FOOD' 'FOOD' 'FOOD' 'FOOD'
 'FOOD' 'FOOD' 'FOOD' 'FOOD' 'FOOD' 'FOOD' 'FOOD' 'FOOD' 'FOOD' 'FOOD'
 'FOOD' 'FOOD' 'FOOD' 'FOOD' 'FOOD' 'FOOD' 'FOOD' 'FOOD' 'FOOD'
 'PHYSICAL_QUALITY' 'FOOD' 'FOOD' 'FOOD' 'FOOD' 'FOOD' 'FOOD' 'FOOD'
 'FOOD' 'FOOD' 'FOOD' 'FOOD' 'FOOD' 'FOOD' 'FOOD' 'FOOD' 'FOOD' 'FOOD'
 'FOOD' 'FOOD' 'FOOD' 'FOOD' 'FOOD' 'FOOD' 'FOOD' 'FOOD' 'FOOD' 'FOOD']"
reduced fat,2,['PHYSICAL_QUALITY' 'FOOD']
chunky,2,"['FOOD' 'FOOD' 'FOOD' 'FOOD' 'FOOD' 'FOOD' 'FOOD' 'FOOD' 'FOOD' 'FOOD'
 'FOOD' 'FOOD' 'FOOD' 'FOOD' 'FOOD' 'FOOD' 'FOOD' 'FOOD' 'FOOD'
 'PHYSICAL_QUALITY' 'FOOD' 'FOOD' 'FOOD' 'FOOD' 'FOOD' 'FOOD' 'FOOD'
 'FOOD' 'FOOD' 'FOOD' 'FOOD' 'FOOD']"
four,2,"['FOOD' 'FOOD' 'FOOD' 'FOOD' 'FOOD' 'FOOD' 'FOOD' 'FOOD' 'FOOD' 'FOOD'
 'FOOD' 'FOOD' 'FOOD' 'FOOD' 'QUANTITY' 'FOOD' 'FOOD' 'FOOD' 'FOOD' 'FOOD'
 'FOOD' 'FOOD' 'FOOD' 'FOOD' 'FOOD' 'FOOD']"
baked,2,['FOOD' 'FOOD' 'FOOD' 'PROCESS' 'FOOD' 'FOOD' 'FOOD' 'FOOD' 'FOOD']
pink,2,"['FOOD' 'FOOD' 'FOOD' 'FOOD' 'FOOD' 'FOOD' 'FOOD' 'FOOD' 'FOOD' 'FOOD'
 'FOOD' 'FOOD' 'FOOD' 'FOOD' 'FOOD' 'FOOD' 'FOOD' 'FOOD' 'FOOD' 'FOOD'
 'FOOD' 'FOOD' 'COLOR' 'FOOD' 'FOOD' 'FOOD' 'FOOD' 'FOOD' 'FOOD' 'FOOD'
 'FOOD' 'FOOD' 'FOOD' 'FOOD' 'FOOD' 'FOOD' 'FOOD' 'FOOD' 'FOOD' 'FOOD'
 'FOOD' 'FOOD']"
disk,2,['FOOD' 'FOOD' 'PHYSICAL_QUALITY' 'FOOD']
fried,2,"['FOOD' 'FOOD' 'FOOD' 'FOOD' 'FOOD' 'FOOD' 'PROCESS' 'FOOD' 'FOOD' 'FOOD'
 'FOOD' 'FOOD' 'FOOD' 'FOOD' 'FOOD' 'FOOD' 'FOOD' 'FOOD' 'FOOD']"
grated sharp,2,"['FOOD' 'FOOD' 'FOOD' 'FOOD' 'FOOD' 'FOOD' 'FOOD' 'FOOD' 'FOOD' 'FOOD'
 'FOOD' 'FOOD' 'FOOD' 'FOOD' 'FOOD' 'FOOD' 'FOOD' 'FOOD' 'PROCESS' 'FOOD'
 'FOOD' 'FOOD' 'FOOD' 'FOOD' 'FOOD' 'FOOD' 'FOOD' 'FOOD' 'FOOD' 'FOOD'
 'FOOD']"
Freshly,2,['FOOD' 'FOOD' 'PROCESS']
filtered,2,['FOOD' 'FOOD' 'PROCESS' 'FOOD']
mixed vegetables,2,"['FOOD' 'FOOD' 'FOOD' 'FOOD' 'FOOD' 'FOOD' 'FOOD' 'FOOD' 'FOOD' 'FOOD'
 'FOOD' 'FOOD' 'FOOD' 'FOOD' 'FOOD' 'FOOD' 'FOOD' 'FOOD' 'FOOD' 'FOOD'
 'FOOD' 'FOOD' 'FOOD' 'FOOD' 'FOOD' 'FOOD' 'FOOD' 'FOOD' 'FOOD' 'FOOD'
 'PHYSICAL_QUALITY' 'FOOD' 'FOOD' 'FOOD' 'FOOD' 'FOOD' 'FOOD' 'FOOD'
 'FOOD' 'FOOD' 'FOOD' 'FOOD' 'FOOD' 'FOOD' 'FOOD' 'FOOD' 'FOOD' 'FOOD'
 'FOOD' 'FOOD' 'FOOD' 'FOOD' 'FOOD' 'FOOD' 'FOOD' 'FOOD' 'FOOD' 'FOOD'
 'FOOD']"
smooth,2,"['FOOD' 'FOOD' 'FOOD' 'FOOD' 'FOOD' 'FOOD' 'FOOD' 'FOOD' 'FOOD' 'FOOD'
 'FOOD' 'FOOD' 'FOOD' 'FOOD' 'FOOD' 'FOOD' 'FOOD' 'FOOD' 'FOOD' 'FOOD'
 'FOOD' 'FOOD' 'FOOD' 'FOOD' 'PHYSICAL_QUALITY' 'FOOD' 'FOOD' 'FOOD'
 'FOOD' 'FOOD' 'FOOD' 'FOOD' 'FOOD' 'FOOD' 'FOOD' 'FOOD' 'FOOD' 'FOOD'
 'FOOD' 'FOOD' 'FOOD' 'FOOD' 'FOOD' 'FOOD' 'FOOD' 'FOOD' 'FOOD' 'FOOD'
 'FOOD' 'FOOD' 'FOOD' 'FOOD']"
shredded,2,"['FOOD' 'FOOD' 'FOOD' 'FOOD' 'FOOD' 'FOOD' 'FOOD' 'FOOD' 'FOOD' 'FOOD'
 'FOOD' 'FOOD' 'FOOD' 'FOOD' 'FOOD' 'FOOD' 'PROCESS' 'FOOD' 'FOOD' 'FOOD'
 'FOOD' 'FOOD' 'FOOD' 'FOOD' 'FOOD' 'FOOD' 'FOOD' 'FOOD' 'FOOD' 'FOOD'
 'FOOD' 'FOOD' 'FOOD' 'FOOD' 'FOOD' 'FOOD']"
regular,2,"['FOOD' 'FOOD' 'FOOD' 'FOOD' 'FOOD' 'FOOD' 'FOOD' 'FOOD' 'FOOD' 'FOOD'
 'FOOD' 'FOOD' 'FOOD' 'FOOD' 'FOOD' 'FOOD' 'FOOD' 'FOOD' 'FOOD' 'FOOD'
 'FOOD' 'FOOD' 'FOOD' 'FOOD' 'FOOD' 'COLOR' 'FOOD' 'FOOD' 'FOOD' 'FOOD'
 'FOOD' 'FOOD' 'FOOD' 'FOOD' 'FOOD' 'FOOD' 'FOOD' 'FOOD' 'FOOD' 'FOOD'
 'FOOD' 'FOOD' 'FOOD' 'FOOD' 'FOOD' 'FOOD' 'FOOD' 'FOOD' 'FOOD' 'FOOD']"
blue,2,"['FOOD' 'FOOD' 'FOOD' 'FOOD' 'FOOD' 'COLOR' 'FOOD' 'FOOD' 'FOOD' 'FOOD'
 'FOOD' 'FOOD' 'FOOD' 'FOOD' 'FOOD' 'FOOD' 'FOOD' 'FOOD']"
fluid ounces,2,"['FOOD' 'FOOD' 'FOOD' 'FOOD' 'FOOD' 'FOOD' 'FOOD' 'FOOD' 'FOOD' 'FOOD'
 'FOOD' 'UNIT' 'FOOD' 'FOOD' 'FOOD' 'FOOD' 'FOOD' 'FOOD' 'FOOD' 'FOOD']"
carton,2,"['FOOD' 'FOOD' 'FOOD' 'FOOD' 'FOOD' 'FOOD' 'FOOD' 'FOOD' 'FOOD' 'UNIT'
 'FOOD' 'FOOD' 'FOOD' 'FOOD' 'FOOD']"
brewed,2,['FOOD' 'PROCESS' 'FOOD' 'FOOD']
pinches,2,"['FOOD' 'FOOD' 'FOOD' 'FOOD' 'FOOD' 'FOOD' 'FOOD' 'FOOD' 'FOOD' 'FOOD'
 'FOOD' 'FOOD' 'UNIT' 'FOOD' 'FOOD' 'FOOD' 'FOOD']"
melted,2,['FOOD' 'FOOD' 'FOOD' 'PROCESS' 'FOOD' 'FOOD' 'FOOD' 'FOOD' 'FOOD' 'FOOD']
crushed,2,"['FOOD' 'FOOD' 'FOOD' 'FOOD' 'FOOD' 'FOOD' 'FOOD' 'FOOD' 'FOOD' 'FOOD'
 'FOOD' 'FOOD' 'FOOD' 'FOOD' 'FOOD' 'PROCESS' 'FOOD' 'FOOD' 'FOOD' 'FOOD'
 'FOOD' 'FOOD' 'FOOD' 'FOOD' 'FOOD' 'FOOD' 'FOOD' 'FOOD' 'FOOD' 'FOOD'
 'FOOD' 'FOOD' 'FOOD' 'FOOD']"
sliced,2,"['FOOD' 'FOOD' 'FOOD' 'FOOD' 'FOOD' 'FOOD' 'FOOD' 'FOOD' 'PROCESS' 'FOOD'
 'FOOD' 'FOOD' 'FOOD']"
freshly squeezed,2,"['FOOD' 'FOOD' 'FOOD' 'FOOD' 'FOOD' 'FOOD' 'FOOD' 'FOOD' 'FOOD' 'PROCESS'
 'FOOD' 'FOOD' 'FOOD' 'FOOD' 'FOOD' 'FOOD' 'FOOD' 'FOOD' 'FOOD']"
boiling,2,"['FOOD' 'FOOD' 'FOOD' 'FOOD' 'FOOD' 'FOOD' 'FOOD' 'FOOD' 'FOOD' 'FOOD'
 'FOOD' 'FOOD' 'FOOD' 'FOOD' 'FOOD' 'FOOD' 'FOOD' 'FOOD' 'FOOD' 'FOOD'
 'FOOD' 'FOOD' 'FOOD' 'FOOD' 'FOOD' 'FOOD' 'PROCESS' 'FOOD' 'FOOD' 'FOOD'
 'FOOD' 'FOOD' 'FOOD' 'FOOD' 'FOOD' 'FOOD' 'FOOD' 'FOOD' 'FOOD' 'FOOD'
 'FOOD' 'FOOD' 'FOOD' 'FOOD' 'FOOD' 'FOOD' 'FOOD' 'FOOD' 'FOOD' 'FOOD'
 'FOOD']"
leaves,2,"['FOOD' 'FOOD' 'FOOD' 'FOOD' 'FOOD' 'FOOD' 'FOOD' 'FOOD' 'FOOD' 'FOOD'
 'FOOD' 'FOOD' 'FOOD' 'FOOD' 'FOOD' 'FOOD' 'FOOD' 'FOOD' 'FOOD' 'FOOD'
 'FOOD' 'FOOD' 'FOOD' 'FOOD' 'FOOD' 'FOOD' 'FOOD' 'UNIT' 'FOOD' 'FOOD'
 'FOOD' 'FOOD' 'FOOD' 'FOOD' 'FOOD' 'FOOD' 'FOOD' 'FOOD' 'FOOD' 'FOOD'
 'FOOD' 'FOOD' 'FOOD' 'FOOD' 'FOOD' 'FOOD' 'FOOD' 'FOOD' 'FOOD' 'FOOD'
 'FOOD' 'FOOD' 'FOOD' 'FOOD']"
ground,2,"['FOOD' 'FOOD' 'FOOD' 'FOOD' 'FOOD' 'FOOD' 'FOOD' 'FOOD' 'FOOD' 'FOOD'
 'FOOD' 'FOOD' 'FOOD' 'FOOD' 'FOOD' 'FOOD' 'FOOD' 'FOOD' 'FOOD' 'FOOD'
 'FOOD' 'FOOD' 'FOOD' 'FOOD' 'FOOD' 'FOOD' 'PROCESS' 'FOOD' 'FOOD' 'FOOD'
 'FOOD' 'FOOD' 'FOOD' 'FOOD' 'FOOD' 'FOOD' 'FOOD' 'FOOD' 'FOOD' 'FOOD'
 'FOOD' 'FOOD' 'FOOD' 'FOOD' 'FOOD' 'FOOD' 'FOOD' 'FOOD' 'FOOD' 'FOOD'
 'FOOD' 'FOOD' 'FOOD' 'FOOD' 'FOOD']"
canned,2,['FOOD' 'FOOD' 'UNIT' 'FOOD' 'FOOD' 'FOOD' 'FOOD' 'FOOD']
unsalted,2,"['FOOD' 'FOOD' 'FOOD' 'FOOD' 'FOOD' 'FOOD' 'FOOD' 'FOOD' 'FOOD' 'FOOD'
 'FOOD' 'FOOD' 'FOOD' 'FOOD' 'FOOD' 'FOOD' 'FOOD' 'TASTE' 'FOOD' 'FOOD'
 'FOOD' 'FOOD' 'FOOD' 'FOOD' 'FOOD' 'FOOD' 'FOOD' 'FOOD' 'FOOD' 'FOOD'
 'FOOD' 'FOOD' 'FOOD']"
long,2,"['FOOD' 'FOOD' 'FOOD' 'FOOD' 'FOOD' 'FOOD' 'FOOD' 'FOOD' 'FOOD' 'FOOD'
 'FOOD' 'FOOD' 'FOOD' 'FOOD' 'FOOD' 'FOOD' 'FOOD' 'FOOD' 'FOOD' 'FOOD'
 'FOOD' 'FOOD' 'FOOD' 'PHYSICAL_QUALITY' 'FOOD' 'FOOD' 'FOOD' 'FOOD'
 'FOOD' 'FOOD' 'FOOD' 'FOOD' 'FOOD' 'FOOD' 'FOOD' 'FOOD' 'FOOD' 'FOOD'
 'FOOD' 'FOOD' 'FOOD' 'FOOD' 'FOOD' 'FOOD' 'FOOD' 'FOOD' 'FOOD' 'FOOD'
 'FOOD']"
crusty,2,"['FOOD' 'FOOD' 'FOOD' 'FOOD' 'FOOD' 'FOOD' 'FOOD' 'FOOD' 'FOOD' 'FOOD'
 'FOOD' 'PHYSICAL_QUALITY' 'FOOD' 'FOOD' 'FOOD' 'FOOD' 'FOOD' 'FOOD'
 'FOOD' 'FOOD' 'FOOD' 'FOOD' 'FOOD' 'FOOD' 'FOOD' 'FOOD']"
wedge,2,"['FOOD' 'FOOD' 'FOOD' 'FOOD' 'FOOD' 'FOOD' 'FOOD' 'FOOD' 'FOOD' 'FOOD'
 'FOOD' 'FOOD' 'FOOD' 'FOOD' 'FOOD' 'QUANTITY' 'FOOD' 'FOOD' 'FOOD' 'FOOD'
 'FOOD' 'FOOD' 'FOOD' 'FOOD' 'FOOD' 'FOOD' 'FOOD' 'FOOD']"
ribs,2,"['FOOD' 'FOOD' 'FOOD' 'FOOD' 'FOOD' 'FOOD' 'FOOD' 'FOOD' 'FOOD' 'FOOD'
 'FOOD' 'FOOD' 'FOOD' 'FOOD' 'FOOD' 'FOOD' 'FOOD' 'FOOD' 'FOOD' 'FOOD'
 'FOOD' 'FOOD' 'FOOD' 'FOOD' 'FOOD' 'FOOD' 'FOOD' 'FOOD' 'PART' 'FOOD'
 'FOOD' 'FOOD' 'FOOD' 'FOOD' 'FOOD' 'FOOD' 'FOOD' 'FOOD' 'FOOD' 'FOOD'
 'FOOD' 'FOOD' 'FOOD' 'FOOD' 'FOOD' 'FOOD' 'FOOD' 'FOOD' 'FOOD' 'FOOD'
 'FOOD' 'FOOD' 'FOOD' 'FOOD' 'FOOD' 'FOOD' 'FOOD' 'FOOD']"
golden,2,"['FOOD' 'FOOD' 'FOOD' 'FOOD' 'FOOD' 'FOOD' 'FOOD' 'FOOD' 'FOOD' 'FOOD'
 'FOOD' 'FOOD' 'FOOD' 'FOOD' 'FOOD' 'FOOD' 'FOOD' 'FOOD' 'FOOD' 'FOOD'
 'FOOD' 'FOOD' 'FOOD' 'FOOD' 'COLOR' 'FOOD' 'FOOD' 'FOOD' 'FOOD' 'FOOD'
 'FOOD' 'FOOD' 'FOOD' 'FOOD' 'FOOD' 'FOOD' 'FOOD' 'FOOD' 'FOOD' 'FOOD'
 'FOOD' 'FOOD' 'FOOD' 'FOOD' 'FOOD' 'FOOD' 'FOOD' 'FOOD' 'FOOD' 'FOOD']"
cartons,2,"['FOOD' 'FOOD' 'FOOD' 'FOOD' 'FOOD' 'FOOD' 'FOOD' 'FOOD' 'FOOD' 'FOOD'
 'FOOD' 'FOOD' 'FOOD' 'FOOD' 'FOOD' 'FOOD' 'FOOD' 'FOOD' 'UNIT' 'FOOD'
 'FOOD' 'FOOD' 'FOOD' 'FOOD' 'FOOD' 'FOOD' 'FOOD' 'FOOD' 'FOOD' 'FOOD']"
full,2,"['FOOD' 'FOOD' 'FOOD' 'FOOD' 'FOOD' 'FOOD' 'FOOD' 'FOOD' 'FOOD' 'FOOD'
 'FOOD' 'FOOD' 'FOOD' 'FOOD' 'FOOD' 'PHYSICAL_QUALITY' 'FOOD' 'FOOD'
 'FOOD' 'FOOD' 'FOOD' 'FOOD' 'FOOD' 'FOOD' 'FOOD' 'FOOD' 'FOOD' 'FOOD'
 'FOOD' 'FOOD' 'FOOD']"
extra sharp,2,"['FOOD' 'FOOD' 'FOOD' 'FOOD' 'FOOD' 'FOOD' 'FOOD' 'FOOD' 'FOOD' 'FOOD'
 'FOOD' 'FOOD' 'FOOD' 'TASTE' 'FOOD' 'FOOD' 'FOOD' 'FOOD' 'FOOD' 'FOOD'
 'FOOD' 'FOOD']"
thawed,2,['FOOD' 'FOOD' 'FOOD' 'FOOD' 'FOOD' 'FOOD' 'PROCESS' 'FOOD' 'FOOD' 'FOOD']
sifted,2,['FOOD' 'PROCESS' 'FOOD']
condensed,2,"['FOOD' 'FOOD' 'FOOD' 'FOOD' 'FOOD' 'FOOD' 'FOOD' 'FOOD' 'FOOD' 'FOOD'
 'FOOD' 'FOOD' 'FOOD' 'FOOD' 'FOOD' 'FOOD' 'FOOD' 'FOOD' 'FOOD' 'FOOD'
 'FOOD' 'FOOD' 'FOOD' 'FOOD' 'FOOD' 'FOOD' 'FOOD' 'FOOD'
 'PHYSICAL_QUALITY' 'FOOD' 'FOOD' 'FOOD' 'FOOD' 'FOOD' 'FOOD' 'FOOD'
 'FOOD' 'FOOD' 'FOOD' 'FOOD' 'FOOD' 'FOOD' 'FOOD' 'FOOD' 'FOOD' 'FOOD'
 'FOOD' 'FOOD' 'FOOD' 'FOOD' 'FOOD' 'FOOD' 'FOOD' 'FOOD' 'FOOD' 'FOOD'
 'FOOD']"
yolks,2,"['FOOD' 'FOOD' 'FOOD' 'FOOD' 'FOOD' 'FOOD' 'FOOD' 'FOOD' 'FOOD' 'FOOD'
 'FOOD' 'FOOD' 'FOOD' 'FOOD' 'FOOD' 'FOOD' 'FOOD' 'FOOD' 'FOOD' 'FOOD'
 'FOOD' 'FOOD' 'FOOD' 'FOOD' 'FOOD' 'FOOD' 'FOOD' 'FOOD' 'FOOD' 'FOOD'
 'PART' 'FOOD' 'FOOD' 'FOOD' 'FOOD' 'FOOD' 'FOOD' 'FOOD' 'FOOD' 'FOOD'
 'FOOD' 'FOOD' 'FOOD' 'FOOD' 'FOOD' 'FOOD' 'FOOD' 'FOOD' 'FOOD' 'FOOD'
 'FOOD' 'FOOD' 'FOOD' 'FOOD' 'FOOD' 'FOOD']"
sprigs,2,"['FOOD' 'FOOD' 'FOOD' 'FOOD' 'FOOD' 'FOOD' 'FOOD' 'FOOD' 'FOOD' 'FOOD'
 'FOOD' 'FOOD' 'FOOD' 'FOOD' 'FOOD' 'FOOD' 'FOOD' 'FOOD' 'FOOD' 'FOOD'
 'FOOD' 'FOOD' 'FOOD' 'FOOD' 'FOOD' 'FOOD' 'FOOD' 'UNIT' 'FOOD' 'FOOD'
 'FOOD' 'FOOD' 'FOOD' 'FOOD' 'FOOD' 'FOOD' 'FOOD' 'FOOD' 'FOOD' 'FOOD'
 'FOOD' 'FOOD' 'FOOD' 'FOOD' 'FOOD' 'FOOD' 'FOOD' 'FOOD' 'FOOD' 'FOOD'
 'FOOD' 'FOOD' 'FOOD' 'FOOD' 'FOOD']"
tubes,2,"['FOOD' 'FOOD' 'FOOD' 'FOOD' 'FOOD' 'FOOD' 'FOOD' 'FOOD' 'UNIT' 'FOOD'
 'FOOD' 'FOOD' 'FOOD' 'FOOD' 'FOOD' 'FOOD' 'FOOD']"
gms,2,['UNIT' 'FOOD']
prepared,2,"['FOOD' 'FOOD' 'FOOD' 'FOOD' 'FOOD' 'PROCESS' 'FOOD' 'FOOD' 'FOOD' 'FOOD'
 'FOOD' 'FOOD']"
russet,2,"['FOOD' 'FOOD' 'FOOD' 'FOOD' 'FOOD' 'FOOD' 'FOOD' 'FOOD' 'FOOD' 'FOOD'
 'FOOD' 'FOOD' 'FOOD' 'FOOD' 'FOOD' 'FOOD' 'FOOD' 'FOOD' 'COLOR' 'FOOD'
 'FOOD' 'FOOD' 'FOOD' 'FOOD' 'FOOD' 'FOOD' 'FOOD' 'FOOD' 'FOOD' 'FOOD']"
pieces,2,"['FOOD' 'FOOD' 'FOOD' 'FOOD' 'FOOD' 'FOOD' 'FOOD' 'FOOD' 'FOOD' 'FOOD'
 'FOOD' 'FOOD' 'FOOD' 'FOOD' 'UNIT' 'FOOD' 'FOOD' 'FOOD' 'FOOD' 'FOOD'
 'FOOD' 'FOOD' 'FOOD' 'FOOD' 'FOOD' 'FOOD' 'FOOD' 'FOOD' 'FOOD' 'FOOD'
 'FOOD' 'FOOD' 'FOOD' 'FOOD']"
mini,2,"['FOOD' 'FOOD' 'FOOD' 'FOOD' 'FOOD' 'FOOD' 'FOOD' 'FOOD' 'FOOD' 'FOOD'
 'FOOD' 'FOOD' 'FOOD' 'FOOD' 'PHYSICAL_QUALITY' 'FOOD' 'FOOD' 'FOOD'
 'FOOD' 'FOOD' 'FOOD' 'FOOD' 'FOOD' 'FOOD' 'FOOD' 'FOOD' 'FOOD' 'FOOD'
 'FOOD' 'FOOD']"
uncooked,2,['FOOD' 'FOOD' 'PHYSICAL_QUALITY' 'FOOD' 'FOOD' 'FOOD']
stalks,2,"['FOOD' 'FOOD' 'FOOD' 'FOOD' 'FOOD' 'FOOD' 'FOOD' 'FOOD' 'FOOD' 'FOOD'
 'FOOD' 'FOOD' 'FOOD' 'FOOD' 'FOOD' 'FOOD' 'FOOD' 'FOOD' 'FOOD' 'FOOD'
 'FOOD' 'FOOD' 'FOOD' 'FOOD' 'FOOD' 'FOOD' 'FOOD' 'UNIT' 'FOOD' 'FOOD'
 'FOOD' 'FOOD' 'FOOD' 'FOOD' 'FOOD' 'FOOD' 'FOOD' 'FOOD' 'FOOD' 'FOOD'
 'FOOD' 'FOOD' 'FOOD' 'FOOD' 'FOOD' 'FOOD' 'FOOD' 'FOOD' 'FOOD' 'FOOD'
 'FOOD' 'FOOD' 'FOOD' 'FOOD' 'FOOD' 'FOOD']"
breast,2,"['FOOD' 'FOOD' 'FOOD' 'FOOD' 'FOOD' 'FOOD' 'FOOD' 'FOOD' 'FOOD' 'FOOD'
 'FOOD' 'FOOD' 'FOOD' 'FOOD' 'FOOD' 'FOOD' 'FOOD' 'FOOD' 'FOOD' 'FOOD'
 'PART' 'FOOD' 'FOOD' 'FOOD' 'FOOD' 'FOOD' 'FOOD' 'FOOD' 'FOOD' 'FOOD'
 'FOOD' 'FOOD' 'FOOD' 'FOOD' 'FOOD' 'FOOD' 'FOOD' 'FOOD' 'FOOD' 'FOOD'
 'FOOD' 'FOOD' 'FOOD']"
flaky,2,['FOOD' 'FOOD' 'PHYSICAL_QUALITY' 'FOOD' 'FOOD' 'FOOD']
raw,2,"['FOOD' 'FOOD' 'FOOD' 'FOOD' 'FOOD' 'PHYSICAL_QUALITY' 'FOOD' 'FOOD'
 'FOOD']"
skinless,2,"['FOOD' 'FOOD' 'FOOD' 'FOOD' 'FOOD' 'FOOD' 'FOOD' 'FOOD' 'FOOD' 'FOOD'
 'FOOD' 'FOOD' 'FOOD' 'FOOD' 'FOOD' 'FOOD' 'FOOD' 'PHYSICAL_QUALITY'
 'FOOD' 'FOOD' 'FOOD' 'FOOD' 'FOOD' 'FOOD' 'FOOD' 'FOOD' 'FOOD' 'FOOD'
 'FOOD']"
grated,2,"['FOOD' 'FOOD' 'FOOD' 'FOOD' 'FOOD' 'FOOD' 'FOOD' 'FOOD' 'FOOD' 'FOOD'
 'FOOD' 'FOOD' 'FOOD' 'FOOD' 'PROCESS' 'FOOD' 'FOOD' 'FOOD' 'FOOD' 'FOOD'
 'FOOD' 'FOOD' 'FOOD' 'FOOD' 'FOOD' 'FOOD' 'FOOD' 'FOOD' 'FOOD' 'FOOD'
 'FOOD' 'FOOD' 'FOOD']"
cored,2,['FOOD' 'FOOD' 'FOOD' 'FOOD' 'FOOD' 'FOOD' 'FOOD' 'PROCESS' 'FOOD']
juiced,2,['FOOD' 'FOOD' 'FOOD' 'FOOD' 'PROCESS' 'FOOD' 'FOOD' 'FOOD']
whole wheat),2,['PHYSICAL_QUALITY' 'FOOD' 'FOOD']
halves,2,"['FOOD' 'FOOD' 'FOOD' 'FOOD' 'FOOD' 'FOOD' 'FOOD' 'FOOD' 'FOOD' 'FOOD'
 'FOOD' 'FOOD' 'FOOD' 'FOOD' 'FOOD' 'FOOD' 'FOOD' 'FOOD' 'FOOD' 'FOOD'
 'FOOD' 'FOOD' 'FOOD' 'FOOD' 'PROCESS' 'FOOD' 'FOOD' 'FOOD' 'FOOD' 'FOOD'
 'FOOD' 'FOOD' 'FOOD' 'FOOD' 'FOOD' 'FOOD' 'FOOD' 'FOOD' 'FOOD' 'FOOD'
 'FOOD' 'FOOD' 'FOOD' 'FOOD' 'FOOD' 'FOOD' 'FOOD' 'FOOD']"
sour,2,"['FOOD' 'FOOD' 'FOOD' 'FOOD' 'FOOD' 'FOOD' 'FOOD' 'FOOD' 'FOOD' 'FOOD'
 'FOOD' 'FOOD' 'FOOD' 'FOOD' 'FOOD' 'FOOD' 'FOOD' 'FOOD' 'FOOD' 'FOOD'
 'FOOD' 'FOOD' 'FOOD' 'FOOD' 'FOOD' 'FOOD' 'FOOD' 'TASTE' 'FOOD' 'FOOD'
 'FOOD' 'FOOD' 'FOOD' 'FOOD' 'FOOD' 'FOOD' 'FOOD' 'FOOD' 'FOOD' 'FOOD'
 'FOOD' 'FOOD' 'FOOD' 'FOOD' 'FOOD' 'FOOD' 'FOOD' 'FOOD' 'FOOD' 'FOOD'
 'FOOD' 'FOOD' 'FOOD' 'FOOD']"
cubes,2,"['FOOD' 'FOOD' 'FOOD' 'FOOD' 'FOOD' 'FOOD' 'FOOD' 'FOOD' 'FOOD' 'FOOD'
 'FOOD' 'FOOD' 'FOOD' 'FOOD' 'FOOD' 'FOOD' 'FOOD' 'FOOD' 'FOOD' 'FOOD'
 'FOOD' 'FOOD' 'FOOD' 'FOOD' 'FOOD' 'FOOD' 'FOOD' 'FOOD' 'FOOD' 'UNIT'
 'FOOD' 'FOOD' 'FOOD' 'FOOD' 'FOOD' 'FOOD' 'FOOD' 'FOOD' 'FOOD' 'FOOD'
 'FOOD' 'FOOD' 'FOOD' 'FOOD' 'FOOD' 'FOOD' 'FOOD' 'FOOD' 'FOOD' 'FOOD'
 'FOOD' 'FOOD' 'FOOD' 'FOOD' 'FOOD' 'FOOD' 'FOOD' 'FOOD' 'FOOD']"
soft,2,"['FOOD' 'FOOD' 'FOOD' 'FOOD' 'FOOD' 'FOOD' 'FOOD' 'FOOD' 'FOOD' 'FOOD'
 'FOOD' 'FOOD' 'FOOD' 'FOOD' 'FOOD' 'FOOD' 'FOOD' 'FOOD' 'FOOD' 'FOOD'
 'FOOD' 'FOOD' 'FOOD' 'FOOD' 'FOOD' 'FOOD' 'FOOD' 'FOOD'
 'PHYSICAL_QUALITY' 'FOOD' 'FOOD' 'FOOD' 'FOOD' 'FOOD' 'FOOD' 'FOOD'
 'FOOD' 'FOOD' 'FOOD' 'FOOD' 'FOOD' 'FOOD' 'FOOD' 'FOOD' 'FOOD' 'FOOD'
 'FOOD' 'FOOD' 'FOOD' 'FOOD' 'FOOD']"
brown,2,"['FOOD' 'FOOD' 'FOOD' 'FOOD' 'FOOD' 'FOOD' 'FOOD' 'FOOD' 'FOOD' 'FOOD'
 'FOOD' 'FOOD' 'FOOD' 'FOOD' 'FOOD' 'FOOD' 'FOOD' 'FOOD' 'FOOD' 'FOOD'
 'FOOD' 'FOOD' 'FOOD' 'FOOD' 'FOOD' 'FOOD' 'FOOD' 'FOOD' 'COLOR' 'FOOD'
 'FOOD' 'FOOD' 'FOOD' 'FOOD' 'FOOD' 'FOOD' 'FOOD' 'FOOD' 'FOOD' 'FOOD'
 'FOOD' 'FOOD' 'FOOD' 'FOOD' 'FOOD' 'FOOD' 'FOOD' 'FOOD' 'FOOD' 'FOOD'
 'FOOD' 'FOOD' 'FOOD' 'FOOD' 'FOOD' 'FOOD' 'FOOD']"
quart,2,"['FOOD' 'FOOD' 'FOOD' 'FOOD' 'FOOD' 'FOOD' 'FOOD' 'FOOD' 'FOOD' 'UNIT'
 'FOOD' 'FOOD' 'FOOD' 'FOOD' 'FOOD' 'FOOD' 'FOOD' 'FOOD']"
room temperature,2,['FOOD' 'PHYSICAL_QUALITY']
diced,2,"['FOOD' 'FOOD' 'FOOD' 'FOOD' 'FOOD' 'FOOD' 'FOOD' 'FOOD' 'FOOD' 'FOOD'
 'PROCESS' 'FOOD' 'FOOD' 'FOOD' 'FOOD' 'FOOD' 'FOOD' 'FOOD' 'FOOD' 'FOOD'
 'FOOD']"
baking,2,"['FOOD' 'FOOD' 'FOOD' 'FOOD' 'FOOD' 'FOOD' 'FOOD' 'FOOD' 'FOOD' 'FOOD'
 'FOOD' 'FOOD' 'FOOD' 'FOOD' 'FOOD' 'FOOD' 'FOOD' 'FOOD' 'FOOD' 'FOOD'
 'FOOD' 'FOOD' 'PHYSICAL_QUALITY' 'FOOD' 'FOOD' 'FOOD' 'FOOD' 'FOOD'
 'FOOD' 'FOOD' 'FOOD' 'FOOD' 'FOOD' 'FOOD' 'FOOD' 'FOOD' 'FOOD' 'FOOD'
 'FOOD' 'FOOD' 'FOOD' 'FOOD' 'FOOD' 'FOOD' 'FOOD' 'FOOD' 'FOOD' 'FOOD']"
jars,2,"['FOOD' 'FOOD' 'FOOD' 'FOOD' 'FOOD' 'FOOD' 'FOOD' 'FOOD' 'FOOD' 'FOOD'
 'FOOD' 'FOOD' 'FOOD' 'FOOD' 'FOOD' 'FOOD' 'FOOD' 'FOOD' 'UNIT' 'FOOD'
 'FOOD' 'FOOD' 'FOOD' 'FOOD' 'FOOD' 'FOOD' 'FOOD' 'FOOD' 'FOOD' 'FOOD'
 'FOOD' 'FOOD' 'FOOD' 'FOOD' 'FOOD']"
roast,2,"['FOOD' 'FOOD' 'FOOD' 'FOOD' 'FOOD' 'FOOD' 'FOOD' 'FOOD' 'FOOD' 'FOOD'
 'FOOD' 'FOOD' 'FOOD' 'FOOD' 'FOOD' 'FOOD' 'FOOD' 'FOOD' 'FOOD' 'FOOD'
 'FOOD' 'FOOD' 'FOOD' 'FOOD' 'FOOD' 'FOOD' 'FOOD' 'FOOD' 'PROCESS' 'FOOD'
 'FOOD' 'FOOD' 'FOOD' 'FOOD' 'FOOD' 'FOOD' 'FOOD' 'FOOD' 'FOOD' 'FOOD'
 'FOOD' 'FOOD' 'FOOD' 'FOOD' 'FOOD' 'FOOD' 'FOOD' 'FOOD' 'FOOD' 'FOOD'
 'FOOD' 'FOOD' 'FOOD' 'FOOD' 'FOOD' 'FOOD' 'FOOD']"
scoops,2,"['FOOD' 'FOOD' 'FOOD' 'FOOD' 'FOOD' 'FOOD' 'FOOD' 'FOOD' 'FOOD' 'FOOD'
 'FOOD' 'UNIT' 'FOOD' 'FOOD' 'FOOD' 'FOOD' 'FOOD' 'FOOD' 'FOOD' 'FOOD'
 'FOOD' 'FOOD' 'FOOD']"
bundles,2,"['FOOD' 'FOOD' 'FOOD' 'FOOD' 'FOOD' 'FOOD' 'FOOD' 'FOOD' 'FOOD' 'FOOD'
 'FOOD' 'FOOD' 'FOOD' 'UNIT' 'FOOD' 'FOOD' 'FOOD' 'FOOD' 'FOOD' 'FOOD'
 'FOOD' 'FOOD']"
nonstick,2,"['FOOD' 'FOOD' 'FOOD' 'FOOD' 'FOOD' 'FOOD' 'FOOD' 'FOOD' 'FOOD' 'FOOD'
 'FOOD' 'FOOD' 'FOOD' 'FOOD' 'FOOD' 'PHYSICAL_QUALITY' 'FOOD' 'FOOD'
 'FOOD' 'FOOD' 'FOOD' 'FOOD' 'FOOD' 'FOOD' 'FOOD' 'FOOD' 'FOOD' 'FOOD'
 'FOOD' 'FOOD' 'FOOD' 'FOOD' 'FOOD' 'FOOD' 'FOOD' 'FOOD' 'FOOD' 'FOOD']"
skinned,2,['FOOD' 'FOOD' 'PROCESS' 'FOOD' 'FOOD']
skin attached,2,['PHYSICAL_QUALITY' 'FOOD']
pureed,2,"['FOOD' 'FOOD' 'FOOD' 'FOOD' 'FOOD' 'FOOD' 'FOOD' 'FOOD' 'PROCESS' 'FOOD'
 'FOOD' 'FOOD' 'FOOD' 'FOOD' 'FOOD' 'FOOD' 'FOOD' 'FOOD']"
pound,2,"['FOOD' 'FOOD' 'FOOD' 'FOOD' 'FOOD' 'FOOD' 'FOOD' 'FOOD' 'FOOD' 'FOOD'
 'FOOD' 'FOOD' 'FOOD' 'FOOD' 'FOOD' 'FOOD' 'FOOD' 'FOOD' 'FOOD' 'FOOD'
 'FOOD' 'FOOD' 'FOOD' 'FOOD' 'FOOD' 'FOOD' 'UNIT' 'FOOD' 'FOOD' 'FOOD'
 'FOOD' 'FOOD' 'FOOD' 'FOOD' 'FOOD' 'FOOD' 'FOOD' 'FOOD' 'FOOD' 'FOOD'
 'FOOD' 'FOOD' 'FOOD' 'FOOD' 'FOOD' 'FOOD' 'FOOD' 'FOOD' 'FOOD' 'FOOD'
 'FOOD']"
roasted,2,['FOOD' 'FOOD' 'FOOD' 'PROCESS' 'FOOD' 'FOOD' 'FOOD' 'FOOD' 'FOOD' 'FOOD']
loaves,2,"['FOOD' 'FOOD' 'FOOD' 'FOOD' 'FOOD' 'FOOD' 'FOOD' 'FOOD' 'FOOD' 'FOOD'
 'FOOD' 'FOOD' 'FOOD' 'FOOD' 'FOOD' 'FOOD' 'FOOD' 'FOOD' 'FOOD' 'FOOD'
 'FOOD' 'FOOD' 'FOOD' 'FOOD' 'FOOD' 'FOOD' 'FOOD' 'UNIT' 'FOOD' 'FOOD'
 'FOOD' 'FOOD' 'FOOD' 'FOOD' 'FOOD' 'FOOD' 'FOOD' 'FOOD' 'FOOD' 'FOOD'
 'FOOD' 'FOOD' 'FOOD' 'FOOD' 'FOOD' 'FOOD' 'FOOD' 'FOOD' 'FOOD' 'FOOD'
 'FOOD' 'FOOD']"
finely ground,2,['FOOD' 'FOOD' 'PROCESS' 'FOOD' 'FOOD']
extra large,2,"['FOOD' 'FOOD' 'FOOD' 'FOOD' 'FOOD' 'FOOD' 'FOOD' 'FOOD'
 'PHYSICAL_QUALITY' 'FOOD' 'FOOD']"
white,2,"['FOOD' 'FOOD' 'FOOD' 'FOOD' 'FOOD' 'FOOD' 'FOOD' 'FOOD' 'FOOD' 'FOOD'
 'FOOD' 'FOOD' 'FOOD' 'FOOD' 'FOOD' 'FOOD' 'FOOD' 'FOOD' 'FOOD' 'FOOD'
 'FOOD' 'FOOD' 'FOOD' 'FOOD' 'FOOD' 'FOOD' 'FOOD' 'FOOD' 'FOOD' 'FOOD'
 'COLOR' 'FOOD' 'FOOD' 'FOOD' 'FOOD' 'FOOD' 'FOOD' 'FOOD' 'FOOD' 'FOOD'
 'FOOD' 'FOOD' 'FOOD' 'FOOD' 'FOOD' 'FOOD' 'FOOD' 'FOOD' 'FOOD' 'FOOD'
 'FOOD' 'FOOD' 'FOOD' 'FOOD' 'FOOD' 'FOOD' 'FOOD' 'FOOD' 'FOOD']"
boiled,2,['PROCESS' 'FOOD']
inches,2,"['FOOD' 'FOOD' 'FOOD' 'FOOD' 'FOOD' 'FOOD' 'FOOD' 'FOOD' 'FOOD' 'FOOD'
 'FOOD' 'UNIT' 'FOOD' 'FOOD' 'FOOD' 'FOOD' 'FOOD' 'FOOD' 'FOOD']"
cube,2,"['FOOD' 'FOOD' 'FOOD' 'FOOD' 'FOOD' 'FOOD' 'FOOD' 'FOOD' 'FOOD' 'FOOD'
 'FOOD' 'FOOD' 'FOOD' 'FOOD' 'FOOD' 'FOOD' 'FOOD' 'FOOD' 'FOOD' 'FOOD'
 'FOOD' 'FOOD' 'FOOD' 'FOOD' 'FOOD' 'FOOD' 'FOOD' 'FOOD'
 'PHYSICAL_QUALITY' 'FOOD' 'FOOD' 'FOOD' 'FOOD' 'FOOD' 'FOOD' 'FOOD'
 'FOOD' 'FOOD' 'FOOD' 'FOOD' 'FOOD' 'FOOD' 'FOOD' 'FOOD' 'FOOD' 'FOOD'
 'FOOD' 'FOOD' 'FOOD' 'FOOD' 'FOOD' 'FOOD']"
salted,2,"['FOOD' 'FOOD' 'FOOD' 'FOOD' 'FOOD' 'FOOD' 'FOOD' 'FOOD' 'TASTE' 'FOOD'
 'FOOD' 'FOOD' 'FOOD' 'FOOD' 'FOOD' 'FOOD' 'FOOD' 'FOOD' 'FOOD' 'FOOD'
 'FOOD']"
sweetened,2,"['FOOD' 'FOOD' 'FOOD' 'FOOD' 'TASTE' 'FOOD' 'FOOD' 'FOOD' 'FOOD' 'FOOD'
 'FOOD']"
thick,2,"['FOOD' 'FOOD' 'FOOD' 'FOOD' 'FOOD' 'FOOD' 'FOOD' 'FOOD'
 'PHYSICAL_QUALITY' 'FOOD' 'FOOD' 'FOOD' 'FOOD' 'FOOD' 'FOOD' 'FOOD']"
softened,2,['PROCESS' 'FOOD' 'FOOD' 'FOOD']
hearty,2,"['FOOD' 'FOOD' 'FOOD' 'FOOD' 'FOOD' 'FOOD' 'FOOD' 'FOOD' 'FOOD' 'FOOD'
 'FOOD' 'FOOD' 'FOOD' 'FOOD' 'PHYSICAL_QUALITY' 'FOOD' 'FOOD' 'FOOD'
 'FOOD' 'FOOD' 'FOOD' 'FOOD' 'FOOD' 'FOOD' 'FOOD']"
semisweet,2,"['FOOD' 'FOOD' 'FOOD' 'FOOD' 'FOOD' 'FOOD' 'FOOD' 'FOOD' 'TASTE' 'FOOD'
 'FOOD' 'FOOD' 'FOOD']"
boards,2,"['FOOD' 'FOOD' 'FOOD' 'FOOD' 'FOOD' 'FOOD' 'UNIT' 'FOOD' 'FOOD' 'FOOD'
 'FOOD']"
wedges,2,"['FOOD' 'FOOD' 'FOOD' 'FOOD' 'FOOD' 'FOOD' 'FOOD' 'FOOD' 'FOOD' 'FOOD'
 'FOOD' 'FOOD' 'FOOD' 'FOOD' 'FOOD' 'FOOD' 'FOOD' 'FOOD' 'FOOD' 'FOOD'
 'FOOD' 'FOOD' 'FOOD' 'FOOD' 'FOOD' 'FOOD' 'UNIT' 'FOOD' 'FOOD' 'FOOD'
 'FOOD' 'FOOD' 'FOOD' 'FOOD' 'FOOD' 'FOOD' 'FOOD' 'FOOD' 'FOOD' 'FOOD'
 'FOOD' 'FOOD' 'FOOD' 'FOOD' 'FOOD' 'FOOD' 'FOOD' 'FOOD' 'FOOD' 'FOOD']"
tenderloin,2,"['FOOD' 'FOOD' 'FOOD' 'FOOD' 'FOOD' 'FOOD' 'FOOD' 'FOOD' 'FOOD' 'FOOD'
 'FOOD' 'FOOD' 'FOOD' 'FOOD' 'FOOD' 'FOOD' 'FOOD' 'FOOD' 'FOOD' 'FOOD'
 'FOOD' 'FOOD' 'UNIT' 'FOOD' 'FOOD' 'FOOD' 'FOOD' 'FOOD' 'FOOD' 'FOOD'
 'FOOD' 'FOOD' 'FOOD' 'FOOD' 'FOOD' 'FOOD' 'FOOD' 'FOOD' 'FOOD' 'FOOD'
 'FOOD' 'FOOD' 'FOOD' 'FOOD' 'FOOD' 'FOOD' 'FOOD' 'FOOD' 'FOOD' 'FOOD']"
unsweetened,2,"['FOOD' 'FOOD' 'FOOD' 'FOOD' 'FOOD' 'FOOD' 'TASTE' 'FOOD' 'FOOD' 'FOOD'
 'FOOD' 'FOOD' 'FOOD' 'FOOD' 'FOOD' 'FOOD']"
tablespoons,2,['UNIT' 'FOOD']
unpeeled,2,['FOOD' 'PHYSICAL_QUALITY' 'FOOD' 'FOOD' 'FOOD']
warm,2,"['FOOD' 'FOOD' 'FOOD' 'FOOD' 'FOOD' 'FOOD' 'FOOD' 'FOOD' 'FOOD' 'FOOD'
 'FOOD' 'FOOD' 'FOOD' 'FOOD' 'FOOD' 'FOOD' 'FOOD' 'FOOD' 'FOOD' 'FOOD'
 'FOOD' 'FOOD' 'FOOD' 'FOOD' 'FOOD' 'FOOD' 'FOOD' 'FOOD' 'FOOD' 'FOOD'
 'PHYSICAL_QUALITY' 'FOOD' 'FOOD' 'FOOD' 'FOOD' 'FOOD' 'FOOD' 'FOOD'
 'FOOD' 'FOOD' 'FOOD' 'FOOD' 'FOOD' 'FOOD' 'FOOD' 'FOOD' 'FOOD' 'FOOD'
 'FOOD' 'FOOD' 'FOOD' 'FOOD' 'FOOD' 'FOOD' 'FOOD' 'FOOD' 'FOOD' 'FOOD'
 'FOOD']"
loaf,2,"['FOOD' 'FOOD' 'FOOD' 'FOOD' 'FOOD' 'FOOD' 'FOOD' 'FOOD' 'FOOD' 'FOOD'
 'FOOD' 'FOOD' 'FOOD' 'FOOD' 'FOOD' 'FOOD' 'FOOD' 'FOOD' 'FOOD' 'FOOD'
 'FOOD' 'FOOD' 'FOOD' 'UNIT' 'FOOD' 'FOOD' 'FOOD' 'FOOD' 'FOOD' 'FOOD'
 'FOOD' 'FOOD' 'FOOD' 'FOOD' 'FOOD' 'FOOD' 'FOOD' 'FOOD' 'FOOD' 'FOOD'
 'FOOD' 'FOOD']"
part,2,['FOOD' 'UNIT']
ruby red,2,['FOOD' 'FOOD' 'FOOD' 'COLOR' 'FOOD' 'FOOD']
leaf,2,"['FOOD' 'FOOD' 'FOOD' 'FOOD' 'FOOD' 'FOOD' 'FOOD' 'FOOD' 'FOOD' 'FOOD'
 'FOOD' 'FOOD' 'FOOD' 'FOOD' 'FOOD' 'FOOD' 'FOOD' 'FOOD' 'FOOD' 'FOOD'
 'FOOD' 'FOOD' 'FOOD' 'FOOD' 'FOOD' 'FOOD' 'FOOD' 'FOOD' 'FOOD' 'UNIT'
 'FOOD' 'FOOD' 'FOOD' 'FOOD' 'FOOD' 'FOOD' 'FOOD' 'FOOD' 'FOOD' 'FOOD'
 'FOOD' 'FOOD' 'FOOD' 'FOOD' 'FOOD' 'FOOD' 'FOOD' 'FOOD' 'FOOD' 'FOOD'
 'FOOD' 'FOOD' 'FOOD' 'FOOD' 'FOOD' 'FOOD' 'FOOD' 'FOOD']"
yellow-fleshed,2,['FOOD' 'FOOD' 'FOOD' 'PHYSICAL_QUALITY' 'FOOD' 'FOOD']
bag,2,"['FOOD' 'FOOD' 'FOOD' 'FOOD' 'FOOD' 'FOOD' 'FOOD' 'FOOD' 'UNIT' 'FOOD'
 'FOOD' 'FOOD' 'FOOD' 'FOOD' 'FOOD' 'FOOD' 'FOOD' 'FOOD' 'FOOD' 'FOOD']"
old-fashioned,2,"['FOOD' 'FOOD' 'FOOD' 'FOOD' 'FOOD' 'FOOD' 'FOOD' 'FOOD' 'FOOD' 'FOOD'
 'FOOD' 'FOOD' 'FOOD' 'FOOD' 'FOOD' 'FOOD' 'FOOD' 'PHYSICAL_QUALITY'
 'FOOD' 'FOOD' 'FOOD' 'FOOD' 'FOOD' 'FOOD' 'FOOD' 'FOOD' 'FOOD' 'FOOD']"
stewed,2,"['FOOD' 'FOOD' 'FOOD' 'FOOD' 'FOOD' 'FOOD' 'FOOD' 'FOOD' 'FOOD' 'FOOD'
 'PHYSICAL_QUALITY' 'FOOD' 'FOOD' 'FOOD' 'FOOD' 'FOOD' 'FOOD' 'FOOD'
 'FOOD' 'FOOD' 'FOOD' 'FOOD' 'FOOD' 'FOOD' 'FOOD' 'FOOD']"
thin,2,"['FOOD' 'FOOD' 'FOOD' 'FOOD' 'FOOD' 'FOOD' 'FOOD' 'FOOD' 'FOOD' 'FOOD'
 'FOOD' 'FOOD' 'FOOD' 'FOOD' 'FOOD' 'FOOD' 'FOOD' 'FOOD' 'FOOD' 'FOOD'
 'FOOD' 'FOOD' 'FOOD' 'FOOD' 'FOOD' 'FOOD' 'FOOD' 'FOOD' 'FOOD'
 'PHYSICAL_QUALITY' 'FOOD' 'FOOD' 'FOOD' 'FOOD' 'FOOD' 'FOOD' 'FOOD'
 'FOOD' 'FOOD' 'FOOD' 'FOOD' 'FOOD' 'FOOD' 'FOOD' 'FOOD' 'FOOD' 'FOOD'
 'FOOD' 'FOOD' 'FOOD' 'FOOD' 'FOOD' 'FOOD' 'FOOD' 'FOOD' 'FOOD' 'FOOD'
 'FOOD']"
bulb,2,['FOOD' 'FOOD' 'FOOD' 'UNIT' 'FOOD' 'FOOD' 'FOOD' 'FOOD' 'FOOD']
coarse,2,"['FOOD' 'FOOD' 'FOOD' 'FOOD' 'FOOD' 'FOOD' 'FOOD' 'FOOD' 'FOOD' 'FOOD'
 'FOOD' 'FOOD' 'FOOD' 'FOOD' 'FOOD' 'FOOD' 'FOOD' 'FOOD' 'FOOD' 'FOOD'
 'FOOD' 'FOOD' 'FOOD' 'FOOD' 'FOOD' 'PHYSICAL_QUALITY' 'FOOD' 'FOOD'
 'FOOD' 'FOOD' 'FOOD' 'FOOD' 'FOOD' 'FOOD' 'FOOD' 'FOOD' 'FOOD' 'FOOD'
 'FOOD' 'FOOD' 'FOOD' 'FOOD' 'FOOD' 'FOOD']"
silver,2,['FOOD' 'FOOD' 'FOOD' 'FOOD' 'FOOD' 'FOOD' 'COLOR' 'FOOD' 'FOOD']
pressed,2,"['FOOD' 'FOOD' 'FOOD' 'FOOD' 'FOOD' 'FOOD' 'FOOD' 'FOOD' 'FOOD' 'FOOD'
 'FOOD' 'FOOD' 'FOOD' 'FOOD' 'PROCESS' 'FOOD' 'FOOD' 'FOOD' 'FOOD' 'FOOD'
 'FOOD' 'FOOD' 'FOOD' 'FOOD' 'FOOD' 'FOOD' 'FOOD']"
jar,2,['FOOD' 'FOOD' 'FOOD' 'UNIT' 'FOOD' 'FOOD']
bags,2,"['FOOD' 'FOOD' 'FOOD' 'FOOD' 'FOOD' 'FOOD' 'FOOD' 'FOOD' 'FOOD' 'FOOD'
 'FOOD' 'FOOD' 'FOOD' 'FOOD' 'FOOD' 'FOOD' 'FOOD' 'FOOD' 'FOOD' 'FOOD'
 'FOOD' 'FOOD' 'FOOD' 'FOOD' 'FOOD' 'FOOD' 'FOOD' 'FOOD' 'UNIT' 'FOOD'
 'FOOD' 'FOOD' 'FOOD' 'FOOD' 'FOOD' 'FOOD' 'FOOD' 'FOOD' 'FOOD' 'FOOD'
 'FOOD' 'FOOD' 'FOOD' 'FOOD' 'FOOD' 'FOOD' 'FOOD' 'FOOD' 'FOOD' 'FOOD'
 'FOOD' 'FOOD' 'FOOD' 'FOOD' 'FOOD' 'FOOD' 'FOOD']"
freshly grated,2,"['FOOD' 'FOOD' 'FOOD' 'FOOD' 'FOOD' 'FOOD' 'FOOD' 'FOOD' 'FOOD' 'FOOD'
 'FOOD' 'PROCESS' 'FOOD' 'FOOD' 'FOOD' 'FOOD' 'FOOD' 'FOOD' 'FOOD']"
thin slices,2,"['FOOD' 'FOOD' 'FOOD' 'FOOD' 'FOOD' 'FOOD' 'FOOD' 'FOOD' 'FOOD' 'FOOD'
 'FOOD' 'FOOD' 'FOOD' 'FOOD' 'FOOD' 'FOOD' 'UNIT' 'FOOD' 'FOOD' 'FOOD'
 'FOOD' 'FOOD' 'FOOD' 'FOOD' 'FOOD' 'FOOD' 'FOOD']"
good-quality,2,"['FOOD' 'FOOD' 'FOOD' 'FOOD' 'FOOD' 'FOOD' 'FOOD' 'FOOD' 'FOOD' 'FOOD'
 'PHYSICAL_QUALITY' 'FOOD' 'FOOD' 'FOOD' 'FOOD' 'FOOD' 'FOOD' 'FOOD'
 'FOOD']"
level tsp,2,"['FOOD' 'FOOD' 'FOOD' 'FOOD' 'FOOD' 'FOOD' 'FOOD' 'FOOD' 'FOOD' 'FOOD'
 'FOOD' 'FOOD' 'FOOD' 'FOOD' 'FOOD' 'FOOD' 'UNIT' 'FOOD' 'FOOD' 'FOOD'
 'FOOD' 'FOOD' 'FOOD' 'FOOD' 'FOOD']"
strained,2,['FOOD' 'PROCESS' 'FOOD']
packages,2,['FOOD' 'FOOD' 'FOOD' 'FOOD' 'FOOD' 'FOOD' 'UNIT' 'FOOD' 'FOOD' 'FOOD']
slices,2,"['FOOD' 'FOOD' 'FOOD' 'FOOD' 'FOOD' 'FOOD' 'FOOD' 'FOOD' 'FOOD' 'FOOD'
 'FOOD' 'FOOD' 'FOOD' 'FOOD' 'UNIT' 'FOOD' 'FOOD' 'FOOD' 'FOOD' 'FOOD'
 'FOOD' 'FOOD' 'FOOD' 'FOOD' 'FOOD' 'FOOD' 'FOOD' 'FOOD' 'FOOD' 'FOOD'
 'FOOD' 'FOOD' 'FOOD']"
candied,2,"['FOOD' 'FOOD' 'FOOD' 'FOOD' 'FOOD' 'FOOD' 'FOOD' 'FOOD' 'FOOD' 'FOOD'
 'FOOD' 'FOOD' 'FOOD' 'FOOD' 'FOOD' 'FOOD' 'FOOD' 'FOOD' 'FOOD' 'FOOD'
 'FOOD' 'FOOD' 'FOOD' 'FOOD' 'FOOD' 'FOOD' 'FOOD' 'FOOD'
 'PHYSICAL_QUALITY' 'FOOD' 'FOOD' 'FOOD' 'FOOD' 'FOOD' 'FOOD' 'FOOD'
 'FOOD' 'FOOD' 'FOOD' 'FOOD' 'FOOD' 'FOOD' 'FOOD' 'FOOD' 'FOOD' 'FOOD'
 'FOOD' 'FOOD' 'FOOD' 'FOOD' 'FOOD' 'FOOD']"
twists,2,"['FOOD' 'FOOD' 'FOOD' 'FOOD' 'FOOD' 'FOOD' 'FOOD' 'FOOD' 'UNIT' 'FOOD'
 'FOOD' 'FOOD' 'FOOD' 'FOOD' 'FOOD' 'FOOD']"
stemmed,2,['PROCESS' 'FOOD']
cold,2,"['FOOD' 'FOOD' 'FOOD' 'FOOD' 'FOOD' 'FOOD' 'FOOD' 'FOOD' 'FOOD' 'FOOD'
 'FOOD' 'FOOD' 'FOOD' 'FOOD' 'FOOD' 'FOOD' 'FOOD' 'FOOD' 'FOOD' 'FOOD'
 'FOOD' 'FOOD' 'FOOD' 'FOOD' 'FOOD' 'FOOD' 'FOOD' 'FOOD' 'FOOD' 'FOOD'
 'PHYSICAL_QUALITY' 'FOOD' 'FOOD' 'FOOD' 'FOOD' 'FOOD' 'FOOD' 'FOOD'
 'FOOD' 'FOOD' 'FOOD' 'FOOD' 'FOOD' 'FOOD' 'FOOD' 'FOOD' 'FOOD' 'FOOD'
 'FOOD' 'FOOD' 'FOOD' 'FOOD' 'FOOD' 'FOOD' 'FOOD' 'FOOD' 'FOOD' 'FOOD']"
small,2,"['FOOD' 'FOOD' 'FOOD' 'FOOD' 'FOOD' 'FOOD' 'PHYSICAL_QUALITY' 'FOOD'
 'FOOD' 'FOOD' 'FOOD' 'FOOD' 'FOOD' 'FOOD' 'FOOD' 'FOOD' 'FOOD' 'FOOD'
 'FOOD' 'FOOD']"
miniature,2,"['FOOD' 'FOOD' 'FOOD' 'FOOD' 'PHYSICAL_QUALITY' 'FOOD' 'FOOD' 'FOOD'
 'FOOD']"
black,2,"['FOOD' 'FOOD' 'FOOD' 'FOOD' 'FOOD' 'FOOD' 'FOOD' 'FOOD' 'FOOD' 'FOOD'
 'FOOD' 'FOOD' 'FOOD' 'FOOD' 'FOOD' 'FOOD' 'FOOD' 'FOOD' 'FOOD' 'FOOD'
 'FOOD' 'FOOD' 'FOOD' 'FOOD' 'FOOD' 'FOOD' 'FOOD' 'FOOD' 'FOOD' 'COLOR'
 'FOOD' 'FOOD' 'FOOD' 'FOOD' 'FOOD' 'FOOD' 'FOOD' 'FOOD' 'FOOD' 'FOOD'
 'FOOD' 'FOOD' 'FOOD' 'FOOD' 'FOOD' 'FOOD' 'FOOD' 'FOOD' 'FOOD' 'FOOD'
 'FOOD' 'FOOD' 'FOOD' 'FOOD' 'FOOD' 'FOOD' 'FOOD' 'FOOD']"
chopped,2,"['FOOD' 'FOOD' 'FOOD' 'FOOD' 'FOOD' 'FOOD' 'FOOD' 'FOOD' 'FOOD' 'FOOD'
 'FOOD' 'FOOD' 'FOOD' 'FOOD' 'PROCESS' 'FOOD' 'FOOD' 'FOOD' 'FOOD' 'FOOD'
 'FOOD' 'FOOD' 'FOOD' 'FOOD' 'FOOD' 'FOOD' 'FOOD' 'FOOD' 'FOOD' 'FOOD'
 'FOOD' 'FOOD' 'FOOD']"
sparkling,2,"['FOOD' 'FOOD' 'FOOD' 'FOOD' 'FOOD' 'FOOD' 'FOOD' 'FOOD' 'FOOD' 'FOOD'
 'FOOD' 'FOOD' 'FOOD' 'FOOD' 'FOOD' 'FOOD' 'FOOD' 'FOOD'
 'PHYSICAL_QUALITY' 'FOOD' 'FOOD' 'FOOD' 'FOOD' 'FOOD' 'FOOD' 'FOOD'
 'FOOD' 'FOOD' 'FOOD' 'FOOD' 'FOOD' 'FOOD' 'FOOD' 'FOOD' 'FOOD']"
whites,2,"['FOOD' 'FOOD' 'FOOD' 'FOOD' 'FOOD' 'FOOD' 'FOOD' 'FOOD' 'FOOD' 'FOOD'
 'FOOD' 'FOOD' 'FOOD' 'FOOD' 'FOOD' 'FOOD' 'FOOD' 'FOOD' 'FOOD' 'FOOD'
 'FOOD' 'FOOD' 'FOOD' 'FOOD' 'FOOD' 'FOOD' 'FOOD' 'FOOD' 'FOOD' 'PART'
 'FOOD' 'FOOD' 'FOOD' 'FOOD' 'FOOD' 'FOOD' 'FOOD' 'FOOD' 'FOOD' 'FOOD'
 'FOOD' 'FOOD' 'FOOD' 'FOOD' 'FOOD' 'FOOD' 'FOOD' 'FOOD' 'FOOD' 'FOOD'
 'FOOD' 'FOOD' 'FOOD' 'FOOD' 'FOOD']"
sheet,2,"['FOOD' 'FOOD' 'FOOD' 'FOOD' 'FOOD' 'FOOD' 'FOOD' 'FOOD' 'FOOD' 'FOOD'
 'FOOD' 'FOOD' 'FOOD' 'FOOD' 'FOOD' 'FOOD' 'FOOD' 'FOOD' 'FOOD' 'FOOD'
 'FOOD' 'FOOD' 'FOOD' 'FOOD' 'UNIT' 'FOOD' 'FOOD' 'FOOD' 'FOOD' 'FOOD'
 'FOOD' 'FOOD' 'FOOD' 'FOOD' 'FOOD' 'FOOD' 'FOOD' 'FOOD' 'FOOD' 'FOOD'
 'FOOD' 'FOOD' 'FOOD' 'FOOD' 'FOOD']"
blend,2,"['FOOD' 'FOOD' 'FOOD' 'FOOD' 'FOOD' 'FOOD' 'FOOD' 'FOOD' 'FOOD' 'FOOD'
 'FOOD' 'FOOD' 'FOOD' 'FOOD' 'FOOD' 'FOOD' 'FOOD' 'FOOD' 'FOOD' 'FOOD'
 'FOOD' 'FOOD' 'FOOD' 'FOOD' 'FOOD' 'FOOD' 'PHYSICAL_QUALITY' 'FOOD'
 'FOOD' 'FOOD' 'FOOD' 'FOOD' 'FOOD' 'FOOD' 'FOOD' 'FOOD' 'FOOD' 'FOOD'
 'FOOD' 'FOOD' 'FOOD' 'FOOD' 'FOOD' 'FOOD' 'FOOD' 'FOOD' 'FOOD' 'FOOD']"
instant,2,"['FOOD' 'FOOD' 'FOOD' 'FOOD' 'FOOD' 'FOOD' 'FOOD' 'FOOD' 'FOOD' 'FOOD'
 'FOOD' 'FOOD' 'FOOD' 'FOOD' 'PHYSICAL_QUALITY' 'FOOD' 'FOOD' 'FOOD'
 'FOOD' 'FOOD' 'FOOD' 'FOOD' 'FOOD' 'FOOD' 'FOOD' 'FOOD' 'FOOD' 'FOOD'
 'FOOD' 'FOOD' 'FOOD' 'FOOD' 'FOOD']"
sharp,2,"['FOOD' 'FOOD' 'FOOD' 'FOOD' 'FOOD' 'FOOD' 'FOOD' 'FOOD' 'FOOD' 'FOOD'
 'TASTE' 'FOOD' 'FOOD' 'FOOD' 'FOOD' 'FOOD' 'FOOD' 'FOOD' 'FOOD' 'FOOD'
 'FOOD' 'FOOD' 'FOOD' 'FOOD' 'FOOD' 'FOOD' 'FOOD']"
in juice,2,['FOOD' 'PHYSICAL_QUALITY']
thawed frozen,2,['FOOD' 'FOOD' 'PHYSICAL_QUALITY' 'FOOD']
packed,2,['FOOD' 'PHYSICAL_QUALITY']
hearts,2,"['FOOD' 'FOOD' 'FOOD' 'FOOD' 'FOOD' 'FOOD' 'FOOD' 'FOOD' 'FOOD' 'FOOD'
 'FOOD' 'FOOD' 'FOOD' 'FOOD' 'FOOD' 'FOOD' 'FOOD' 'FOOD' 'FOOD' 'FOOD'
 'FOOD' 'FOOD' 'FOOD' 'FOOD' 'FOOD' 'FOOD' 'FOOD' 'PART' 'FOOD' 'FOOD'
 'FOOD' 'FOOD' 'FOOD' 'FOOD' 'FOOD' 'FOOD' 'FOOD' 'FOOD' 'FOOD' 'FOOD'
 'FOOD' 'FOOD' 'FOOD' 'FOOD' 'FOOD' 'FOOD' 'FOOD' 'FOOD' 'FOOD' 'FOOD'
 'FOOD' 'FOOD' 'FOOD' 'FOOD' 'FOOD' 'FOOD']"
